Name,Type,Color,Largest Motherboard Form Factor,Largest Power Supply Form Factor,Price
Silverstone ALTA F2,ATX Full Tower,Black,ATX,ATX,999.99
Corsair 7000D AIRFLOW,ATX Full Tower,Black,ATX,ATX,244.99
Lian Li PC-O11 Dynamic,ATX Full Tower,Black,ATX,ATX,124.99
Fractal Design Pop XL Air,ATX Full Tower,Black,ATX,ATX,109.97
Lian Li O11 Dynamic EVO XL,ATX Full Tower,Black,ATX,ATX,234.99
Lian Li PC-O11 Dynamic,ATX Full Tower,White,ATX,ATX,109.99
Lian Li O11 Dynamic EVO XL,ATX Full Tower,White,ATX,ATX,244.99
Corsair iCUE 7000X RGB,ATX Full Tower,Black,ATX,ATX,289.99
Asus ROG Strix Helios,ATX Full Tower,Black,ATX,ATX,259.99
Corsair Obsidian Series 1000D,ATX Full Tower,Black,ATX,ATX,524.99
Phanteks Enthoo Pro,ATX Full Tower,Black,ATX,ATX,109.99
Phanteks Enthoo Elite,ATX Full Tower,Black,ATX,ATX,899.99
Phanteks NV7,ATX Full Tower,White,ATX,ATX,199.99
Phanteks NV7,ATX Full Tower,Black,ATX,ATX,199.99
Lian Li PC-O11 Dynamic Razer,ATX Full Tower,Black,ATX,ATX,134.99
Cooler Master HAF 700 EVO,ATX Full Tower,Gray / Black,ATX,ATX,542.99
Fractal Design Pop XL Air,ATX Full Tower,White,ATX,ATX,109.99
Fractal Design Meshify 2 XL,ATX Full Tower,Black,ATX,ATX,204.99
be quiet! Dark Base Pro 901,ATX Full Tower,Black,ATX,ATX,329.90
Lian Li O11D XL-X,ATX Full Tower,Black,ATX,ATX,214.06
Antec Performance 1 FT,ATX Full Tower,Black,ATX,ATX,131.99
Cooler Master Cosmos Infinity 30th Anniversary,ATX Full Tower,Black / Silver,ATX,ATX,599.36
Corsair iCUE 7000X RGB,ATX Full Tower,White,ATX,ATX,289.99
Lian Li O11D XL-W,ATX Full Tower,White / Black,ATX,ATX,179.99
Fractal Design Define 7 XL,ATX Full Tower,Black,ATX,ATX,224.99
Anidees AI Crystal XL AR 3,ATX Full Tower,Black,ATX,ATX,319.89
Phanteks Enthoo Pro 2,ATX Full Tower,Black,ATX,ATX,164.99
Phanteks Enthoo Pro Tempered Glass,ATX Full Tower,Black,ATX,ATX,119.99
Phanteks Enthoo Pro,ATX Full Tower,Black,ATX,ATX,115.39
Fractal Design Pop XL Silent,ATX Full Tower,Black,ATX,ATX,109.98
Lian Li V3000 PLUS,ATX Full Tower,Black,ATX,ATX,359.99
Corsair 7000D AIRFLOW,ATX Full Tower,White / Black,ATX,ATX,244.99
Phanteks Enthoo Pro 2,ATX Full Tower,Black,ATX,ATX,159.98
Thermaltake Tower 900 Snow Edition,ATX Full Tower,White,ATX,ATX,234.98
Thermaltake View 71 TG RGB,ATX Full Tower,Black,ATX,ATX,179.99
Thermaltake View 91,ATX Full Tower,Black,ATX,ATX,364.96
Fractal Design Define 7 XL Dark,ATX Full Tower,Black,ATX,ATX,234.99
Corsair 4000D Airflow,ATX Mid Tower,Black,ATX,ATX,79.98
Deepcool CC560,ATX Mid Tower,Black,ATX,ATX,61.67
NZXT H5 Flow,ATX Mid Tower,Black,ATX,ATX,84.97
Lian Li O11 Dynamic EVO,ATX Mid Tower,White / Gray,ATX,ATX,149.00
NZXT H9 Flow,ATX Mid Tower,White,ATX,ATX,159.99
Lian Li O11 Dynamic EVO,ATX Mid Tower,Black,ATX,ATX,148.99
NZXT H5 Flow,ATX Mid Tower,White,ATX,ATX,84.99
Phanteks Eclipse G300A (1 Fan),ATX Mid Tower,Black,ATX,ATX,44.99
Fractal Design North,ATX Mid Tower,Black,ATX,ATX,139.99
Corsair iCUE 4000X RGB,ATX Mid Tower,Black,ATX,ATX,119.99
Corsair 4000D Airflow,ATX Mid Tower,White,ATX,ATX,79.98
Lian Li LANCOOL 216,ATX Mid Tower,Black,ATX,ATX,94.99
Montech AIR 903 MAX,ATX Mid Tower,Black,ATX,ATX,72.95
NZXT H7 Flow,ATX Mid Tower,Black,ATX,ATX,129.94
Lian Li O11 Dynamic Mini Snow Edition,ATX Mid Tower,White,ATX,ATX,112.99
Fractal Design Pop Air,ATX Mid Tower,Black,ATX,ATX,79.97
Corsair 5000D AIRFLOW,ATX Mid Tower,Black,ATX,ATX,144.99
HYTE Y60,ATX Mid Tower,White / Black,ATX,ATX,184.95
Phanteks Eclipse G360A,ATX Mid Tower,Black,ATX,ATX,89.99
Fractal Design Pop Air RGB,ATX Mid Tower,Black,ATX,ATX,89.97
Lian Li O11 Dynamic Mini,ATX Mid Tower,Black,ATX,ATX,99.00
Lian Li LANCOOL 216,ATX Mid Tower,Black,ATX,ATX,86.99
NZXT H9 Elite,ATX Mid Tower,White,ATX,ATX,224.13
Montech X3 Mesh,ATX Mid Tower,Black,ATX,ATX,54.90
Lian Li LANCOOL 216,ATX Mid Tower,White,ATX,ATX,89.00
Fractal Design North,ATX Mid Tower,White,ATX,ATX,139.97
HYTE Y60,ATX Mid Tower,Black,ATX,ATX,189.00
NZXT H5 Flow RGB,ATX Mid Tower,Black,ATX,ATX,94.99
Corsair 3000D AIRFLOW,ATX Mid Tower,Black,ATX,ATX,84.99
Fractal Design Meshify C,ATX Mid Tower,Black,ATX,ATX,99.97
NZXT H5 Flow RGB,ATX Mid Tower,White,ATX,ATX,94.99
Deepcool CC560,ATX Mid Tower,White,ATX,ATX,59.99
NZXT H9 Elite,ATX Mid Tower,Black,ATX,ATX,239.99
Phanteks NV5,ATX Mid Tower,Black,ATX,ATX,99.99
Montech AIR 903 BASE,ATX Mid Tower,Black,ATX,ATX,53.99
Phanteks Eclipse G300A (3 Fan),ATX Mid Tower,Black,ATX,ATX,79.99
be quiet! Pure Base 500DX,ATX Mid Tower,Black,ATX,ATX,89.90
Corsair iCUE 4000D RGB AIRFLOW,ATX Mid Tower,Black,ATX,ATX,121.99
HYTE Y60 Snow White,ATX Mid Tower,White,ATX,ATX,192.97
Lian Li O11 Air Mini,ATX Mid Tower,Black,ATX,ATX,95.99
NZXT H5 Elite,ATX Mid Tower,Black,ATX,ATX,124.98
Cooler Master MasterBox TD500 Mesh White w/ Controller,ATX Mid Tower,White,ATX,ATX,99.99
Fractal Design Focus G,ATX Mid Tower,Black,ATX,ATX,57.99
NZXT H510i,ATX Mid Tower,White,ATX,ATX,99.99
Fractal Design North,ATX Mid Tower,Black,ATX,ATX,139.99
Lian Li LANCOOL III RGB,ATX Mid Tower,Black,ATX,ATX,129.99
Corsair iCUE 4000X RGB,ATX Mid Tower,White,ATX,ATX,119.99
Lian Li LANCOOL 215,ATX Mid Tower,Black,ATX,ATX,89.99
NZXT H7 Flow,ATX Mid Tower,White,ATX,ATX,128.97
Fractal Design Torrent,ATX Mid Tower,Black,ATX,ATX,199.99
Cooler Master MasterBox TD500 Mesh w/ Controller,ATX Mid Tower,Black,ATX,ATX,99.99
MSI MAG FORGE 112R,ATX Mid Tower,Black,ATX,ATX,89.97
HYTE Y40,ATX Mid Tower,Black,ATX,ATX,149.97
Zalman S2,ATX Mid Tower,Black,ATX,ATX,49.99
Phanteks NV5,ATX Mid Tower,White,ATX,ATX,109.99
Montech SKY TWO,ATX Mid Tower,Black,ATX,ATX,82.99
Fractal Design Meshify C,ATX Mid Tower,Black,ATX,ATX,99.97
NZXT H5 Elite,ATX Mid Tower,White,ATX,ATX,114.99
Corsair iCUE 5000D RGB AIRFLOW,ATX Mid Tower,Black,ATX,ATX,174.44
Corsair iCUE 5000X RGB,ATX Mid Tower,Black,ATX,ATX,179.99
Phanteks Eclipse P400A,ATX Mid Tower,Black,ATX,ATX,69.98
Fractal Design Pop Air,ATX Mid Tower,White,ATX,ATX,89.99
HYTE Y70 Touch,ATX Mid Tower,White,ATX,ATX,359.99
Fractal Design North,ATX Mid Tower,White,ATX,ATX,139.99
NZXT H510 Elite,ATX Mid Tower,White / Black,ATX,ATX,124.99
Fractal Design Define R5,ATX Mid Tower,Black,ATX,ATX,124.99
Asus TUF Gaming GT502,ATX Mid Tower,Black,ATX,ATX,145.99
Montech AIR 903 MAX,ATX Mid Tower,White,ATX,ATX,79.00
MSI MAG FORGE 100R,ATX Mid Tower,Black,ATX,ATX,222.95
Fractal Design Meshify 2,ATX Mid Tower,Black,ATX,ATX,159.99
NZXT H7 Flow RGB,ATX Mid Tower,Black,ATX,ATX,134.99
Phanteks Eclipse P400A Digital,ATX Mid Tower,Black,ATX,ATX,79.98
be quiet! Pure Base 500 FX,ATX Mid Tower,Black,ATX,ATX,149.90
Lian Li LANCOOL III,ATX Mid Tower,Black,ATX,ATX,139.90
Deepcool MATREXX 50 ADD-RGB 4F,ATX Mid Tower,Black,ATX,ATX,108.00
MSI MPG GUNGNIR 110R,ATX Mid Tower,Black,ATX,ATX,109.99
NZXT H7 Elite,ATX Mid Tower,White,ATX,ATX,149.99
Lian Li O11 Air Mini,ATX Mid Tower,White,ATX,ATX,106.99
BitFenix Nova Mesh SE,ATX Mid Tower,Black,ATX,ATX,64.90
SAMA Sama-S88-BK,ATX Mid Tower,Black / Red,ATX,ATX,37.98
Cooler Master MasterBox TD500 Mesh V2,ATX Mid Tower,Black,ATX,ATX,99.99
Zalman T6,ATX Mid Tower,Black,ATX,ATX,49.99
Fractal Design Meshify 2 Compact,ATX Mid Tower,Black,ATX,ATX,124.99
NZXT H510,ATX Mid Tower,White,ATX,ATX,105.99
HYTE Y40,ATX Mid Tower,White / Black,ATX,ATX,149.99
NZXT H7 Elite,ATX Mid Tower,Black,ATX,ATX,199.99
Fractal Design Pop Air,ATX Mid Tower,Black,ATX,ATX,79.99
Antec NX410,ATX Mid Tower,Black,ATX,ATX,64.99
Phanteks Eclipse G360A,ATX Mid Tower,White,ATX,ATX,99.99
HYTE Y40,ATX Mid Tower,White,ATX,ATX,149.99
Lian Li Lancool II Mesh C RGB,ATX Mid Tower,White,ATX,ATX,104.99
be quiet! Pure Base 500,ATX Mid Tower,Black,ATX,ATX,79.90
Thermaltake V200 RGB,ATX Mid Tower,Black,ATX,ATX,49.99
Deepcool CC560 ARGB,ATX Mid Tower,Black,ATX,ATX,94.44
Montech SKY TWO,ATX Mid Tower,White,ATX,ATX,97.99
NZXT H7 Flow,ATX Mid Tower,White / Black,ATX,ATX,112.99
Asus TUF Gaming GT501,ATX Mid Tower,Black / Gray,ATX,ATX,151.99
Corsair iCUE 4000D RGB AIRFLOW,ATX Mid Tower,White,ATX,ATX,134.99
Phanteks ECLIPSE G500A DRGB,ATX Mid Tower,Black,ATX,ATX,119.99
Corsair iCUE 220T RGB Airflow,ATX Mid Tower,Black,ATX,ATX,137.99
Fractal Design Pop Mini Air,MicroATX Mid Tower,Black,Micro ATX,ATX,89.99
Deepcool CH370,MicroATX Mid Tower,Black,Micro ATX,ATX,59.97
Fractal Design Pop Mini Air,MicroATX Mid Tower,White,Micro ATX,ATX,89.97
Deepcool CH370,MicroATX Mid Tower,White,Micro ATX,ATX,56.99
Montech AIR 100 ARGB,MicroATX Mid Tower,White,Micro ATX,ATX,66.90
CiT Home RGB,MicroATX Mid Tower,Black,Micro ATX,ATX,30.85
Antec NX200M,MicroATX Mid Tower,Black,Micro ATX,ATX,49.99
Fractal Design Meshify 2 Mini,MicroATX Mid Tower,Black,Micro ATX,ATX,109.99
Fractal Design Node 804,MicroATX Mid Tower,Black,Micro ATX,ATX,136.98
CiT Alpha,MicroATX Mid Tower,Black,Micro ATX,ATX,114.37
Fractal Design Pop Mini Silent,MicroATX Mid Tower,Black,Micro ATX,ATX,89.98
Cooler Master MasterBox MB311L ARGB,MicroATX Mid Tower,Black,Micro ATX,ATX,74.98
Fractal Design Core 1000 USB 3.0,MicroATX Mid Tower,Black,Micro ATX,ATX,50.98
Thermaltake Versa H15,MicroATX Mid Tower,Black,Micro ATX,ATX,56.74
Antec Dark Phantom DP301M,MicroATX Mid Tower,Black,Micro ATX,ATX,64.98
Cooler Master MasterBox NR400 (w/ODD),MicroATX Mid Tower,Black,Micro ATX,ATX,73.98
CiT Seven,MicroATX Mid Tower,Black,Micro ATX,ATX,53.90
Antec NX200M,MicroATX Mid Tower,White,Micro ATX,ATX,54.99
GameMax Mini Abyss H608,MicroATX Mid Tower,Black,Micro ATX,ATX,61.53
Corsair Crystal 280X RGB,MicroATX Mid Tower,White,Micro ATX,ATX,184.99
Fractal Design Define Mini C,MicroATX Mid Tower,Black,Micro ATX,ATX,106.00
Fractal Design Pop Mini Silent,MicroATX Mid Tower,Black,Micro ATX,ATX,115.43
DIYPC ARGB-Q8-BK,MicroATX Mid Tower,Black,Micro ATX,ATX,49.73
Thermaltake Divider 170 TG Snow ARGB,MicroATX Mid Tower,White / Black,Micro ATX,ATX,79.98
Corsair Crystal 280X RGB,MicroATX Mid Tower,Black,Micro ATX,ATX,370.68
Thermaltake Divider 170 TG ARGB,MicroATX Mid Tower,Black,Micro ATX,ATX,79.98
Thermaltake V150 Tempered Glass ARGB Breeze,MicroATX Mid Tower,Black,Micro ATX,ATX,85.98
Cooler Master CMP 320,MicroATX Mid Tower,Black,Micro ATX,ATX,103.49
Cooler Master MasterBox Lite 3.1,MicroATX Mid Tower,Black / Red,Micro ATX,ATX,67.23
Antec VSK10,MicroATX Mid Tower,Black,Micro ATX,ATX,83.34
DIYPC ARGB-Q8-W,MicroATX Mid Tower,Silver / Black,Micro ATX,ATX,47.91
Silverstone ALTA G1M,MicroATX Mid Tower,Black,Micro ATX,ATX,152.47
Thermaltake Versa H15,MicroATX Mid Tower,Black,Micro ATX,ATX,147.00
Cooler Master MasterBox Q300L,MicroATX Mini Tower,Black,Micro ATX,ATX,39.97
Asus Prime AP201,MicroATX Mini Tower,Black,Micro ATX,ATX,69.98
Thermaltake Versa H18,MicroATX Mini Tower,Black,Micro ATX,ATX,46.57
Deepcool MATREXX 40 3FS,MicroATX Mini Tower,Black,Micro ATX,ATX,64.99
Thermaltake Versa H17,MicroATX Mini Tower,Black,Micro ATX,ATX,43.97
BitFenix Nova Mesh M ARGB,MicroATX Mini Tower,Black,Micro ATX,ATX,52.90
Deepcool MACUBE 110,MicroATX Mini Tower,White,Micro ATX,ATX,69.98
Deepcool MACUBE 110,MicroATX Mini Tower,Black,Micro ATX,ATX,56.27
Lian Li LANCOOL 205M MESH,MicroATX Mini Tower,Black,Micro ATX,ATX,89.99
BitFenix Nova Mesh M ARGB,MicroATX Mini Tower,White,Micro ATX,ATX,52.90
Cooler Master MasterBox Q300L,MicroATX Mini Tower,White,Micro ATX,ATX,44.98
Deepcool CC360 ARGB,MicroATX Mini Tower,Black,Micro ATX,ATX,64.98
Deepcool MATREXX 40,MicroATX Mini Tower,Black,Micro ATX,ATX,50.99
Rosewill FBM-X1,MicroATX Mini Tower,Black,Micro ATX,ATX,29.99
Asus Prime AP201,MicroATX Mini Tower,White,Micro ATX,ATX,79.98
DIYPC ARGB-Q3,MicroATX Mini Tower,White,Micro ATX,ATX,59.98
DIYPC ARGB-Q3,MicroATX Mini Tower,Black,Micro ATX,ATX,59.94
Asus Prime AP201,MicroATX Mini Tower,Black,Micro ATX,ATX,85.99
Deepcool CC360 ARGB,MicroATX Mini Tower,White,Micro ATX,ATX,59.99
Thermaltake S100 Snow Edition,MicroATX Mini Tower,White / Black,Micro ATX,ATX,67.99
Thermaltake S100,MicroATX Mini Tower,Black,Micro ATX,ATX,72.98
Asus Prime AP201,MicroATX Mini Tower,White,Micro ATX,ATX,89.99
Thermaltake Core V21,MicroATX Mini Tower,Black,Micro ATX,ATX,67.98
Thermaltake Versa H18,MicroATX Mini Tower,Black,Micro ATX,ATX,59.99
Cooler Master N200,MicroATX Mini Tower,Black,Micro ATX,ATX,59.99
DIYPC ARGB-Q01,MicroATX Mini Tower,Black,Micro ATX,ATX,59.80
Lian Li LANCOOL 205M MESH,MicroATX Mini Tower,White,Micro ATX,ATX,95.99
Jonsbo D31 MESH,MicroATX Mini Tower,Black,Micro ATX,ATX,81.99
Cooler Master TD300 Mesh,MicroATX Mini Tower,Black,Micro ATX,ATX,94.99
DIYPC F2,MicroATX Mini Tower,Black / Orange,Micro ATX,ATX,44.98
Cooler Master TD300 Mesh,MicroATX Mini Tower,White / Black,Micro ATX,ATX,62.99
Jonsbo D30,MicroATX Mini Tower,Black,Micro ATX,ATX,91.99
DIYPC ARGB-Q01,MicroATX Mini Tower,White,Micro ATX,ATX,62.99
DIYPC ARGB-Q3,MicroATX Mini Tower,Pink,Micro ATX,ATX,53.44
Fractal Design Meshify C Mini,MicroATX Mini Tower,Black,Micro ATX,ATX,198.00
GAMDIAS NESO P1,MicroATX Mini Tower,Black,Micro ATX,ATX,179.98
Silverstone FARA H1M,MicroATX Mini Tower,Black,Micro ATX,ATX,59.99
Jonsbo C6,MicroATX Mini Tower,Black,Micro ATX,ATX,50.00
Fractal Design Focus G Mini,MicroATX Mini Tower,Black,Micro ATX,ATX,60.98
Fractal Design Core 1100,MicroATX Mini Tower,Black,Micro ATX,ATX,50.98
Jonsbo D31 MESH,MicroATX Mini Tower,White,Micro ATX,ATX,81.99
DIYPC F2,MicroATX Mini Tower,White,Micro ATX,ATX,53.17
Fractal Design Define 7 Mini,MicroATX Mini Tower,Black,Micro ATX,ATX,109.99
DIYPC ARGB-Q3,MicroATX Mini Tower,Green,Micro ATX,ATX,53.94
Asus A21,MicroATX Mini Tower,Black,Micro ATX,ATX,81.77
Jonsbo D30,MicroATX Mini Tower,White,Micro ATX,ATX,91.99
KOLINK Citadel Mesh,MicroATX Mini Tower,Black,Micro ATX,ATX,352.00
In Win EM048,MicroATX Mini Tower,Black,Micro ATX,ATX,100.69
Antec NX500M,MicroATX Mini Tower,Black,Micro ATX,ATX,59.99
Jonsbo C6,MicroATX Mini Tower,White,Micro ATX,ATX,50.00
Cooler Master MasterBox MB320L ARGB,MicroATX Mini Tower,Black,Micro ATX,ATX,74.91
Cooler Master MasterBox NR200P,Mini ITX Desktop,Black,Mini ITX,SFX,84.99
Fractal Design Terra,Mini ITX Desktop,Black / Brown,Mini ITX,SFX,179.97
Cooler Master MasterBox NR200,Mini ITX Desktop,Black,Mini ITX,SFX,91.99
Fractal Design Terra,Mini ITX Desktop,Green / Brown,Mini ITX,SFX,159.97
Lian Li A4-H20 X4,Mini ITX Desktop,Black,Mini ITX,SFX,149.99
Cooler Master MasterBox NR200,Mini ITX Desktop,White / Black,Mini ITX,SFX,89.70
Fractal Design Terra,Mini ITX Desktop,Silver / Brown,Mini ITX,SFX,159.99
Lian Li A4-H20 A4,Mini ITX Desktop,Silver / Black,Mini ITX,SFX,151.16
Cooler Master MasterBox NR200P,Mini ITX Desktop,White / Black,Mini ITX,SFX,109.99
Thermaltake Core V1,Mini ITX Desktop,Black,Mini ITX,SFX,64.98
Thermaltake Core V1,Mini ITX Desktop,White,Mini ITX,SFX,59.23
Phanteks EVOLV SHIFT XT,Mini ITX Desktop,Black,Mini ITX,SFX,156.02
Jonsbo N3,Mini ITX Desktop,Black,Mini ITX,SFX,160.00
Jonsbo N2,Mini ITX Desktop,Black,Mini ITX,SFX,135.00
Lian Li TU150,Mini ITX Desktop,Silver,Mini ITX,SFX,119.99
Golden Field N-1,Mini ITX Desktop,Black,Mini ITX,SFX,54.99
Silverstone SG05-LITE,Mini ITX Desktop,Black,Mini ITX,SFX,69.45
Jonsbo N1,Mini ITX Desktop,Silver,Mini ITX,SFX,129.99
Lian Li TU150,Mini ITX Desktop,Black,Mini ITX,SFX,147.94
Phanteks EVOLV SHIFT XT,Mini ITX Desktop,Silver / Black,Mini ITX,SFX,149.30
Silverstone SUGO 14,Mini ITX Desktop,Black / Yellow,Mini ITX,SFX,80.02
Lian Li Q58 (PCIe 3.0),Mini ITX Desktop,White,Mini ITX,SFX,104.99
teenage engineering Computer-1,Mini ITX Desktop,Orange / Silver,Mini ITX,SFX,99.00
DAN Cases A4-SFXv4,Mini ITX Desktop,Silver,Mini ITX,SFX,268.54
CiT MTX-007B,Mini ITX Desktop,Black,Mini ITX,SFX,70.94
DAN Cases A4-SFXv4,Mini ITX Desktop,Black,Mini ITX,SFX,271.77
Silverstone SUGO 14,Mini ITX Desktop,White,Mini ITX,SFX,77.09
Silverstone SG05-LITE,Mini ITX Desktop,White,Mini ITX,SFX,69.89
Lian Li Q58 (PCIe 3.0),Mini ITX Desktop,Black,Mini ITX,SFX,162.69
Silverstone SUGO 15,Mini ITX Desktop,Black,Mini ITX,SFX,194.86
RAIJINTEK OPHION EVO,Mini ITX Desktop,Black,Mini ITX,SFX,82.99
Lian Li TU150,Mini ITX Desktop,Silver,Mini ITX,SFX,145.61
Jonsbo N2,Mini ITX Desktop,White,Mini ITX,SFX,135.00
SHARKOON QB ONE,Mini ITX Desktop,Black,Mini ITX,SFX,87.19
In Win B1 Pure,Mini ITX Desktop,White / Brown,Mini ITX,SFX,128.00
Silverstone RVZ01B,Mini ITX Desktop,Black,Mini ITX,SFX,136.22
Silverstone RVZ03B-ARGB,Mini ITX Desktop,Black,Mini ITX,SFX,147.04
Silverstone RVZ03,Mini ITX Desktop,Black,Mini ITX,SFX,143.84
RAIJINTEK OPHION,Mini ITX Desktop,Black,Mini ITX,SFX,85.00
Streacom DA2 V2,Mini ITX Desktop,Black,Mini ITX,SFX,335.29
Streacom DA2 V2,Mini ITX Desktop,Silver,Mini ITX,SFX,324.39
Silverstone FTZ01,Mini ITX Desktop,Black,Mini ITX,SFX,199.82
Streacom DA2,Mini ITX Desktop,Silver,Mini ITX,SFX,294.70
Silverstone SUGO 15,Mini ITX Desktop,Silver,Mini ITX,SFX,194.86
Silverstone SG05BB-450-USB3,Mini ITX Desktop,White,Mini ITX,SFX,124.23
In Win IW-MS04,Mini ITX Desktop,Black,Mini ITX,SFX,154.63
Silverstone FTZ01,Mini ITX Desktop,Silver,Mini ITX,SFX,192.31
Silverstone RVZ03W-ARGB,Mini ITX Desktop,White,Mini ITX,SFX,157.91
Silverstone FTZ01-E,Mini ITX Desktop,Black,Mini ITX,SFX,179.74
RAIJINTEK METIS EVO TGS,Mini ITX Desktop,Red,Mini ITX,SFX,89.99
RAIJINTEK METIS EVO TGS,Mini ITX Desktop,Black,Mini ITX,SFX,89.99
Inter-Tech SC-4100,Mini ITX Desktop,Black,Mini ITX,SFX,160.90
RAIJINTEK METIS EVO ALS,Mini ITX Desktop,Blue,Mini ITX,SFX,98.59
RAIJINTEK METIS EVO TGS,Mini ITX Desktop,White,Mini ITX,SFX,98.59
RAIJINTEK METIS EVO ALS,Mini ITX Desktop,Red,Mini ITX,SFX,89.90
Chieftec CN-01B-OP,Mini ITX Desktop,Black,Mini ITX,SFX,187.00
RAIJINTEK METIS EVO TGS,Mini ITX Desktop,Silver,Mini ITX,SFX,89.99