Name,Socket / CPU,Form Factor,Memory Max (GB),Memory Slots,DDR,Price
Asus PRIME A620-PLUS WIFI,AM5,ATX,192,4,DDR5,139.99
ASRock B650 LiveMixer,AM5,ATX,192,4,DDR5,149.99
MSI PRO B650-P WIFI,AM5,ATX,192,4,DDR5,174.00
MSI B650 GAMING PLUS WIFI,AM5,ATX,192,4,DDR5,179.99
Asus PRIME B650-PLUS,AM5,ATX,192,4,DDR5,187.07
Gigabyte B650 AORUS ELITE AX,AM5,ATX,192,4,DDR5,189.99
Gigabyte B650 GAMING X AX,AM5,ATX,192,4,DDR5,189.99
ASRock B650 PG LIGHTNING,AM5,ATX,192,4,DDR5,193.99
MSI PRO X670-P WIFI,AM5,ATX,192,4,DDR5,198.99
Asus ROG STRIX B650-A GAMING WIFI,AM5,ATX,192,4,DDR5,199.99
Asus TUF GAMING B650-PLUS WIFI,AM5,ATX,128,4,DDR5,214.99
MSI MAG B650 TOMAHAWK WIFI,AM5,ATX,192,4,DDR5,219.95
ASRock X670E PG Lightning,AM5,ATX,192,4,DDR5,229.99
Asus PROART B650-CREATOR,AM5,ATX,128,4,DDR5,229.99
Asus PRIME X670-P,AM5,ATX,192,4,DDR5,239.99
MSI MPG B650 EDGE WIFI,AM5,ATX,192,4,DDR5,239.99
Gigabyte X670 AORUS ELITE AX (rev. 1.0),AM5,ATX,192,4,DDR5,247.99
Gigabyte B650 AORUS PRO AX,AM5,ATX,192,4,DDR5,249.99
MSI MAG X670E TOMAHAWK WIFI,AM5,ATX,192,4,DDR5,259.99
ASRock X670E Steel Legend,AM5,ATX,192,4,DDR5,259.99
Gigabyte B650 AERO G,AM5,ATX,192,4,DDR5,259.99
Asus ROG STRIX B650E-F GAMING WIFI,AM5,ATX,192,4,DDR5,262.43
ASRock B650 PRO RS,AM5,ATX,192,4,DDR5,262.71
Asus PRIME X670-P WIFI,AM5,ATX,192,4,DDR5,264.99
ASRock B650E STEEL LEGEND WIFI,AM5,ATX,192,4,DDR5,267.99
ASRock X670E Pro RS,AM5,ATX,192,4,DDR5,270.99
NZXT N7 B650E,AM5,ATX,128,4,DDR5,279.99
NZXT N7 B650E,AM5,ATX,128,4,DDR5,279.99
Asus TUF GAMING X670E-PLUS WIFI,AM5,ATX,192,4,DDR5,301.20
MSI MPG B650 CARBON WIFI,AM5,ATX,192,4,DDR5,311.47
Asus PRIME X670E-PRO WIFI,AM5,ATX,192,4,DDR5,334.99
Asus ROG STRIX B650E-E GAMING WIFI,AM5,ATX,192,4,DDR5,336.99
Asus TUF GAMING X670E-PLUS,AM5,ATX,192,4,DDR5,349.61
Gigabyte X670 GAMING X AX (rev. 1.0),AM5,ATX,192,4,DDR5,359.18
Asus ROG STRIX X670E-A GAMING WIFI,AM5,ATX,192,4,DDR5,376.99
Asus ROG STRIX X670E-F GAMING WIFI,AM5,ATX,192,4,DDR5,417.99
MSI MPG X670E CARBON WIFI,AM5,ATX,192,4,DDR5,439.99
Asus ProArt X670E-CREATOR WIFI,AM5,ATX,192,4,DDR5,459.99
Asus ROG STRIX X670E-E GAMING WIFI,AM5,ATX,192,4,DDR5,469.99
Gigabyte B650E AORUS MASTER,AM5,ATX,128,4,DDR5,485.49
MSI PRO A620M-E,AM5,Micro ATX,96,2,DDR5,74.98
Gigabyte A620M S2H,AM5,Micro ATX,96,2,DDR5,89.99
Gigabyte A620M GAMING X,AM5,Micro ATX,192,4,DDR5,109.99
ASRock A620M-HDV/M.2+,AM5,Micro ATX,96,2,DDR5,109.99
MSI PRO B650M-P,AM5,Micro ATX,192,4,DDR5,119.99
Gigabyte B650M K,AM5,Micro ATX,192,4,DDR5,119.99
ASRock B650M Pro RS WiFi,AM5,Micro ATX,192,4,DDR5,124.99
ASRock B650M-HDV/M.2,AM5,Micro ATX,96,2,DDR5,124.99
ASRock A620M Pro RS WiFi,AM5,Micro ATX,192,4,DDR5,124.99
Gigabyte B650M D3HP,AM5,Micro ATX,192,4,DDR5,127.99
Gigabyte A620M C,AM5,Micro ATX,192,4,DDR5,129.99
Asus PRIME A620M-A-CSM,AM5,Micro ATX,192,4,DDR5,129.99
MSI PRO B650M-A WIFI,AM5,Micro ATX,192,4,DDR5,129.99
ASRock B650M Pro RS,AM5,Micro ATX,192,4,DDR5,139.99
Gigabyte B650M C,AM5,Micro ATX,192,4,DDR5,139.99
ASRock A620M Pro RS,AM5,Micro ATX,192,4,DDR5,143.02
Gigabyte B650M DS3H,AM5,Micro ATX,192,4,DDR5,144.99
Asus TUF GAMING A620M-PLUS WIFI,AM5,Micro ATX,192,4,DDR5,149.99
Gigabyte B650M C V2,AM5,Micro ATX,192,4,DDR5,152.98
Asus Pro B650M-CT-CSM,AM5,Micro ATX,192,4,DDR5,153.59
Asus PRIME B650M-A-CSM,AM5,Micro ATX,128,4,DDR5,154.99
Asus PRIME B650M-A AX II,AM5,Micro ATX,192,4,DDR5,160.33
Asus PRIME B650M-A II-CSM,AM5,Micro ATX,192,4,DDR5,166.55
ASRock B650M PG RIPTIDE WIFI,AM5,Micro ATX,192,4,DDR5,169.99
ASRock B650M PG RIPTIDE,AM5,Micro ATX,192,4,DDR5,169.99
Gigabyte B650M AORUS ELITE AX,AM5,Micro ATX,192,4,DDR5,189.99
Asus TUF GAMING B650M-PLUS WIFI,AM5,Micro ATX,192,4,DDR5,194.99
Gigabyte B650M S2H,AM5,Micro ATX,96,2,DDR5,199.00
Asus PRIME B650M-A AX,AM5,Micro ATX,128,4,DDR5,199.00
MSI MAG B650M MORTAR WIFI,AM5,Micro ATX,192,4,DDR5,199.95
Gigabyte A620M GAMING X AX,AM5,Micro ATX,192,4,DDR5,206.11
Asus PRIME B650M-A WIFI II,AM5,Micro ATX,192,4,DDR5,295.99
Asus ROG CROSSHAIR X670E GENE,AM5,Micro ATX,96,2,DDR5,507.67
Gigabyte A620I AX,AM5,Mini ITX,96,2,DDR5,139.99
ASRock A620I LIGHTNING WIFI,AM5,Mini ITX,96,2,DDR5,140.98
ASRock B650I Lightning Wifi,AM5,Mini ITX,96,2,DDR5,199.99
Gigabyte B650I AORUS ULTRA,AM5,Mini ITX,96,2,DDR5,259.99
MSI MPG B650I EDGE WIFI,AM5,Mini ITX,96,2,DDR5,269.99
ASRock B650E PG-ITX WIFI,AM5,Mini ITX,96,2,DDR5,289.99
Asus ROG STRIX B650E-I GAMING WIFI,AM5,Mini ITX,96,2,DDR5,319.99
Asus ROG STRIX X670E-I GAMING WIFI,AM5,Mini ITX,96,2,DDR5,449.99
ASRock B550 Phantom Gaming 4/ac,AM4,ATX,128,4,DDR4,84.99
ASRock B550 Phantom Gaming 4,AM4,ATX,128,4,DDR4,99.00
MSI B550 GAMING GEN3,AM4,ATX,128,4,DDR4,99.99
MSI B450 Gaming Plus MAX,AM4,ATX,128,4,DDR4,99.99
ASRock X370 Pro4,AM4,ATX,64,4,DDR4,103.23
ASRock X570 Phantom Gaming 4,AM4,ATX,128,4,DDR4,109.99
ASRock B550 Pro4,AM4,ATX,128,4,DDR4,114.99
ASRock B450 Steel Legend,AM4,ATX,64,4,DDR4,118.99
Asus TUF GAMING B450-PLUS II,AM4,ATX,128,4,DDR4,119.99
ASRock B450 Pro4 R2.0,AM4,ATX,128,4,DDR4,119.99
Gigabyte A520 AORUS ELITE,AM4,ATX,128,4,DDR4,121.20
Gigabyte B550 UD AC,AM4,ATX,128,4,DDR4,122.11
ASRock X570 Phantom Gaming 4 WiFi ax,AM4,ATX,128,4,DDR4,128.99
MSI B550-A PRO,AM4,ATX,128,4,DDR4,129.99
Gigabyte B550 GAMING X V2,AM4,ATX,128,4,DDR4,129.99
Asus PRIME B550-PLUS,AM4,ATX,128,4,DDR4,129.99
ASRock B550 PG Velocita,AM4,ATX,128,4,DDR4,129.99
Asus PRIME B450-PLUS,AM4,ATX,64,4,DDR4,131.14
ASRock Fatal1ty B450 GAMING K4,AM4,ATX,64,4,DDR4,134.11
ASRock X570 Steel Legend,AM4,ATX,128,4,DDR4,134.98
ASRock B450 Pro4,AM4,ATX,64,4,DDR4,135.00
MSI PRO B550-VC,AM4,ATX,128,4,DDR4,138.99
ASRock X570 Steel Legend WiFi ax,AM4,ATX,128,4,DDR4,139.99
MSI B450-A PRO MAX,AM4,ATX,64,4,DDR4,139.99
Asus TUF GAMING B550-PLUS WIFI II,AM4,ATX,128,4,DDR4,149.99
MSI MAG B550 TOMAHAWK,AM4,ATX,128,4,DDR4,149.99
MSI MPG B550 GAMING PLUS,AM4,ATX,128,4,DDR4,149.99
ASRock X570 Pro4,AM4,ATX,128,4,DDR4,156.99
Gigabyte B550 AORUS ELITE AX V2,AM4,ATX,128,4,DDR4,159.99
Asus ROG STRIX B550-F GAMING,AM4,ATX,128,4,DDR4,164.99
Asus ROG STRIX B550-F GAMING WIFI II,AM4,ATX,128,4,DDR4,165.45
Asus TUF GAMING B550-PLUS,AM4,ATX,128,4,DDR4,168.36
ASRock B550 PG Riptide,AM4,ATX,128,4,DDR4,169.19
Gigabyte B550 AORUS ELITE V2,AM4,ATX,128,4,DDR4,169.89
Asus ROG STRIX B550-A GAMING,AM4,ATX,128,4,DDR4,169.99
ASRock B550 Extreme4,AM4,ATX,128,4,DDR4,171.90
Asus TUF GAMING X570-PLUS (WI-FI),AM4,ATX,128,4,DDR4,184.00
ASRock X570S PG Riptide,AM4,ATX,128,4,DDR4,184.99
Asus TUF B450-PLUS GAMING,AM4,ATX,64,4,DDR4,185.00
MSI X470 GAMING PLUS MAX,AM4,ATX,64,4,DDR4,189.99
ASRock B550 Taichi,AM4,ATX,128,4,DDR4,189.99
MSI MAG B550 TOMAHAWK MAX WIFI,AM4,ATX,128,4,DDR4,193.35
Gigabyte B450 AORUS PRO WIFI (rev. 1.0),AM4,ATX,64,4,DDR4,198.26
ASRock B550 Steel Legend,AM4,ATX,128,4,DDR4,199.00
MSI X570-A PRO,AM4,ATX,128,4,DDR4,199.99
Gigabyte B550 AORUS ELITE AX,AM4,ATX,128,4,DDR4,205.67
Asus Strix B550-XE Gaming WiFi,AM4,ATX,128,4,DDR4,219.99
Asus TUF GAMING B550-PLUS (WI-FI),AM4,ATX,128,4,DDR4,225.00
Asus ProArt B550-CREATOR,AM4,ATX,128,4,DDR4,226.99
NZXT N7 B550,AM4,ATX,128,4,DDR4,229.99
Gigabyte X570S AORUS ELITE AX,AM4,ATX,128,4,DDR4,229.99
Gigabyte B550 AORUS ELITE,AM4,ATX,128,4,DDR4,246.49
MSI MEG X570 UNIFY,AM4,ATX,128,4,DDR4,249.99
Asus TUF GAMING B550-PRO,AM4,ATX,128,4,DDR4,258.69
Gigabyte X570 UD,AM4,ATX,128,4,DDR4,275.00
Gigabyte B550 AORUS PRO V2,AM4,ATX,128,4,DDR4,281.49
Asus TUF GAMING X570-PLUS,AM4,ATX,128,4,DDR4,299.99
Asus ROG STRIX B450-F GAMING II,AM4,ATX,128,4,DDR4,300.00
Gigabyte X570 AORUS ELITE WIFI,AM4,ATX,128,4,DDR4,300.00
Gigabyte B550 AORUS PRO AC,AM4,ATX,128,4,DDR4,306.49
MSI MPG B550 GAMING EDGE WIFI,AM4,ATX,128,4,DDR4,315.00
Gigabyte X570 AORUS ELITE,AM4,ATX,128,4,DDR4,319.95
MSI MPG X570S CARBON MAX WIFI,AM4,ATX,128,4,DDR4,325.99
Asus ROG STRIX B550-F GAMING (WI-FI),AM4,ATX,128,4,DDR4,329.99
MSI MPG X570S EDGE MAX WIFI,AM4,ATX,128,4,DDR4,330.51
Asus ROG Crosshair VIII Dark Hero,AM4,ATX,128,4,DDR4,349.99
ASRock X570 Taichi,AM4,ATX,128,4,DDR4,359.54
Asus ROG Crosshair VIII Hero (WI-FI),AM4,ATX,128,4,DDR4,359.99
Asus PRIME X370-PRO,AM4,ATX,64,4,DDR4,360.45
MSI MPG X570 GAMING PLUS,AM4,ATX,128,4,DDR4,363.18
ASRock X470 Master SLI,AM4,ATX,64,4,DDR4,366.71
Gigabyte X570S AORUS ELITE,AM4,ATX,128,4,DDR4,379.99
MSI MPG X570 GAMING EDGE WIFI,AM4,ATX,128,4,DDR4,379.99
Gigabyte B550 AORUS MASTER,AM4,ATX,128,4,DDR4,386.99
MSI MAG X570S TOMAHAWK MAX WIFI,AM4,ATX,128,4,DDR4,387.00
ASRock X470 Taichi Ultimate,AM4,ATX,64,4,DDR4,429.99
Asus ROG STRIX B550-E GAMING,AM4,ATX,128,4,DDR4,436.68
MSI MEG B550 UNIFY,AM4,ATX,128,4,DDR4,439.99
ASRock X570 Taichi Razer Edition,AM4,ATX,128,4,DDR4,440.60
Asus ROG Strix X570-F Gaming,AM4,ATX,128,4,DDR4,449.91
Asus ROG Crosshair VIII Hero,AM4,ATX,128,4,DDR4,481.83
Asus ROG Crosshair VIII Formula,AM4,ATX,128,4,DDR4,488.80
ASRock A520M-ITX/ac,AM4,Mini ITX,64,2,DDR4,104.99
Gigabyte A520I AC,AM4,Mini ITX,64,2,DDR4,109.99
ASRock B550M-ITX/ac,AM4,Mini ITX,64,2,DDR4,129.99
ASRock Fatal1ty B450 Gaming-ITX/ac,AM4,Mini ITX,64,2,DDR4,139.97
Gigabyte B550I AORUS PRO AX,AM4,Mini ITX,64,2,DDR4,189.99
ASRock X570 Phantom Gaming-ITX/TB3,AM4,Mini ITX,64,2,DDR4,189.99
ASRock B550 Phantom Gaming-ITX/ax,AM4,Mini ITX,64,2,DDR4,191.42
ASRock Fatal1ty X470 Gaming-ITX/ac,AM4,Mini ITX,32,2,DDR4,209.99
Gigabyte X570 I AORUS PRO WIFI,AM4,Mini ITX,64,2,DDR4,369.00
Gigabyte X570SI AORUS PRO AX,AM4,Mini ITX,64,2,DDR4,429.00
ASRock A520M-HDV,AM4,Micro ATX,64,2,DDR4,67.98
MSI B450M PRO-VDH MAX,AM4,Micro ATX,64,4,DDR4,69.99
MSI B450M-A PRO MAX II,AM4,Micro ATX,64,2,DDR4,69.99
MSI B450M-A PRO MAX,AM4,Micro ATX,32,2,DDR4,69.99
MSI A520M-A PRO,AM4,Micro ATX,64,2,DDR4,69.99
MSI A320M-A PRO,AM4,Micro ATX,64,2,DDR4,73.98
Gigabyte A520M S2H,AM4,Micro ATX,64,2,DDR4,74.98
ASRock A520M-HVS,AM4,Micro ATX,64,2,DDR4,75.61
ASRock B550M-HDV,AM4,Micro ATX,64,2,DDR4,77.78
Gigabyte B450M K,AM4,Micro ATX,64,2,DDR4,78.23
Asus Prime B450M-A II,AM4,Micro ATX,128,4,DDR4,79.98
ASRock B450M PRO4 R2.0,AM4,Micro ATX,128,4,DDR4,79.98
ASRock B450M-HDV R4.0,AM4,Micro ATX,32,2,DDR4,79.98
Gigabyte B450M DS3H WIFI,AM4,Micro ATX,64,4,DDR4,79.99
Asus PRIME A320M-K,AM4,Micro ATX,32,2,DDR4,80.05
ASRock B450M/ac R2.0,AM4,Micro ATX,128,4,DDR4,80.98
Biostar B450MH,AM4,Micro ATX,32,2,DDR4,81.59
MSI A520M PRO,AM4,Micro ATX,64,2,DDR4,84.51
Asus PRO A520M-C II/CSM,AM4,Micro ATX,64,2,DDR4,84.65
Gigabyte A520M H,AM4,Micro ATX,64,2,DDR4,85.22
Gigabyte B550M K,AM4,Micro ATX,128,4,DDR4,88.00
ASRock B550M Pro4,AM4,Micro ATX,128,4,DDR4,89.99
ASRock B550M Phantom Gaming 4,AM4,Micro ATX,128,4,DDR4,89.99
ASRock A520M Pro4,AM4,Micro ATX,128,4,DDR4,89.99
Asus PRIME B450M-K II,AM4,Micro ATX,64,2,DDR4,90.67
Asus PRIME A520M-E,AM4,Micro ATX,64,2,DDR4,94.99
ASRock A520M Phantom Gaming 4,AM4,Micro ATX,128,4,DDR4,96.99
Asus PRIME A520M-A II/CSM,AM4,Micro ATX,128,4,DDR4,97.96
Asus PRIME A320M-A,AM4,Micro ATX,64,4,DDR4,99.98
Asus TUF GAMING A520M-PLUS WIFI,AM4,Micro ATX,128,4,DDR4,99.99
Gigabyte B550M AORUS ELITE,AM4,Micro ATX,128,4,DDR4,99.99
Asus PRIME B550M-A AC,AM4,Micro ATX,128,4,DDR4,99.99
Asus PRIME A520M-K,AM4,Micro ATX,64,2,DDR4,102.49
ASRock B450M Steel Legend,AM4,Micro ATX,64,4,DDR4,108.99
Gigabyte B550M DS3H AC,AM4,Micro ATX,128,4,DDR4,109.99
Gigabyte A520M DS3H,AM4,Micro ATX,128,4,DDR4,109.99
ASRock B550M PG RIPTIDE,AM4,Micro ATX,128,4,DDR4,111.98
MSI PRO B550M-VC WIFI,AM4,Micro ATX,128,4,DDR4,112.01
MSI PRO B550M-P GEN3,AM4,Micro ATX,128,4,DDR4,117.52
Asus PRIME B550M-A/CSM,AM4,Micro ATX,128,4,DDR4,118.80
Asus PRIME A520M-A/CSM,AM4,Micro ATX,128,4,DDR4,119.00
Asus PRIME B550M-K,AM4,Micro ATX,128,4,DDR4,119.22
MSI B550M PRO-VDH WIFI,AM4,Micro ATX,128,4,DDR4,119.99
ASRock B450M/AC,AM4,Micro ATX,64,4,DDR4,119.99
Asus Pro B550M-C/CSM,AM4,Micro ATX,128,4,DDR4,119.99
Gigabyte B550M DS3H,AM4,Micro ATX,128,4,DDR4,122.44
Asus PRIME B550M-A,AM4,Micro ATX,128,4,DDR4,128.85
Gigabyte GA-A320M-S2H,AM4,Micro ATX,64,2,DDR4,129.94
Asus PRIME B550M-A WIFI II,AM4,Micro ATX,128,4,DDR4,129.99
ASRock B550M Steel Legend,AM4,Micro ATX,128,4,DDR4,129.99
Biostar B550MH,AM4,Micro ATX,64,2,DDR4,132.00
ASRock B450M Pro4,AM4,Micro ATX,128,4,DDR4,132.05
MSI MAG B550M MORTAR MAX WIFI,AM4,Micro ATX,128,4,DDR4,139.99
Asus TUF GAMING B450M-PRO II,AM4,Micro ATX,128,4,DDR4,140.80
Gigabyte A520M AORUS ELITE,AM4,Micro ATX,128,4,DDR4,149.99
MSI B350M BAZOOKA,AM4,Micro ATX,64,4,DDR4,152.25
Gigabyte B450M DS3H V2,AM4,Micro ATX,128,4,DDR4,157.00
ASRock B450M-HDV,AM4,Micro ATX,32,2,DDR4,159.99
Biostar A320MH,AM4,Micro ATX,32,2,DDR4,163.00
Asus PRIME A320M-E,AM4,Micro ATX,64,2,DDR4,165.00
Asus PRIME B450M-A/CSM,AM4,Micro ATX,64,4,DDR4,166.79
Asus PRIME B450M-K,AM4,Micro ATX,32,2,DDR4,169.90
Asus TUF GAMING A520M-PLUS,AM4,Micro ATX,128,4,DDR4,170.00
MSI B450M PRO-M2 MAX,AM4,Micro ATX,32,2,DDR4,170.40
Asus TUF GAMING B550M-PLUS,AM4,Micro ATX,128,4,DDR4,171.80
Gigabyte B450M DS3H,AM4,Micro ATX,128,4,DDR4,184.88
Asus EX-A320M-GAMING,AM4,Micro ATX,64,4,DDR4,197.58
Asus PRIME B450M-A,AM4,Micro ATX,64,4,DDR4,199.00
Gigabyte B450 AORUS M,AM4,Micro ATX,64,4,DDR4,200.38
Asus PRIME B550M-A (WI-FI),AM4,Micro ATX,128,4,DDR4,228.00
Asus TUF GAMING B550M-PLUS WIFI II,AM4,Micro ATX,128,4,DDR4,250.55
Asus TUF B450M-PLUS GAMING,AM4,Micro ATX,64,4,DDR4,289.00
ASRock X570D4U,AM4,Micro ATX,128,4,DDR4,294.00
Asus TUF GAMING B550M-PLUS (WI-FI),AM4,Micro ATX,128,4,DDR4,298.50
MSI MAG B550M MORTAR WIFI,AM4,Micro ATX,128,4,DDR4,299.99
ASRock Z690 Phantom Gaming 4/D5,LGA1700,ATX,192,4,DDR5,118.61
Asus TUF GAMING Z690-PLUS WIFI,LGA1700,ATX,192,4,DDR5,149.99
ASRock B760 Pro RS,LGA1700,ATX,192,4,DDR5,149.99
MSI PRO Z790-S WIFI,LGA1700,ATX,192,4,DDR5,149.99
Asus TUF GAMING B760-PLUS WIFI,LGA1700,ATX,192,4,DDR5,149.99
MSI PRO B760-P WIFI,LGA1700,ATX,192,4,DDR5,149.99
MSI PRO Z690-A WIFI,LGA1700,ATX,192,4,DDR5,156.94
ASRock Z690 PG Velocita,LGA1700,ATX,192,4,DDR5,157.99
MSI B760 GAMING PLUS WIFI,LGA1700,ATX,192,4,DDR5,159.99
ASRock Z790 PG LIGHTNING,LGA1700,ATX,192,4,DDR5,159.99
Asus PRIME B760-PLUS,LGA1700,ATX,192,4,DDR5,164.99
Gigabyte B760 GAMING X AX,LGA1700,ATX,192,4,DDR5,169.99
ASRock B760 Pro RS WiFi,LGA1700,ATX,192,4,DDR5,169.99
Gigabyte B760 AORUS ELITE AX,LGA1700,ATX,192,4,DDR5,179.99
MSI MAG B760 TOMAHAWK WIFI,LGA1700,ATX,192,4,DDR5,180.98
MSI Z790 GAMING PRO WIFI,LGA1700,ATX,192,4,DDR5,189.99
MSI MPG Z690 FORCE WIFI,LGA1700,ATX,192,4,DDR5,189.99
Gigabyte Z790 UD AC,LGA1700,ATX,192,4,DDR5,189.99
Asus PRIME Z690-A,LGA1700,ATX,192,4,DDR5,199.00
Gigabyte Z790 UD AX,LGA1700,ATX,192,4,DDR5,199.99
ASRock Z690 STEEL LEGEND/D5,LGA1700,ATX,192,4,DDR5,199.99
ASRock Z790 Lightning WiFi,LGA1700,ATX,192,4,DDR5,199.99
Asus PRIME Z790-P WIFI,LGA1700,ATX,192,4,DDR5,207.00
MSI PRO Z790-P WIFI,LGA1700,ATX,192,4,DDR5,208.99
Asus PRIME Z690-P WIFI,LGA1700,ATX,192,4,DDR5,208.99
ASRock Z790 PG SONIC,LGA1700,ATX,192,4,DDR5,209.14
MSI PRO Z790-A WIFI,LGA1700,ATX,192,4,DDR5,209.99
ASRock Z790 Steel Legend WiFi,LGA1700,ATX,192,4,DDR5,219.99
Gigabyte Z690 AERO G,LGA1700,ATX,128,4,DDR5,219.99
ASRock Z790 Pro RS,LGA1700,ATX,192,4,DDR5,219.99
Asus ROG STRIX B760-A GAMING WIFI,LGA1700,ATX,192,4,DDR5,224.99
Asus TUF GAMING Z790-PLUS WIFI,LGA1700,ATX,192,4,DDR5,229.99
Asus ROG STRIX Z690-F GAMING WIFI,LGA1700,ATX,192,4,DDR5,229.99
Gigabyte Z790 GAMING X AX,LGA1700,ATX,192,4,DDR5,229.99
ASRock Z790 PRO RS WIFI,LGA1700,ATX,192,4,DDR5,229.99
Asus ProArt B760-CREATOR WIFI,LGA1700,ATX,192,4,DDR5,229.99
Asus ROG STRIX Z690-E GAMING WIFI,LGA1700,ATX,192,4,DDR5,231.00
MSI MPG Z690 CARBON WIFI,LGA1700,ATX,192,4,DDR5,239.49
Asus PRIME Z790-V WIFI,LGA1700,ATX,192,4,DDR5,239.99
ASRock Z690 Taichi,LGA1700,ATX,192,4,DDR5,239.99
MSI MAG Z690 TOMAHAWK WIFI,LGA1700,ATX,192,4,DDR5,240.68
Gigabyte Z690 AORUS ULTRA,LGA1700,ATX,192,4,DDR5,245.51
Gigabyte Z790 AORUS ELITE AX,LGA1700,ATX,192,4,DDR5,249.00
MSI MPG Z690 EDGE WIFI,LGA1700,ATX,192,4,DDR5,249.99
ASRock Z790 Riptide WiFi,LGA1700,ATX,192,4,DDR5,249.99
ASRock Z690 Taichi Razer Edition,LGA1700,ATX,192,4,DDR5,249.99
Gigabyte Z790 UD,LGA1700,ATX,192,4,DDR5,251.56
ASRock Z790 LiveMixer,LGA1700,ATX,192,4,DDR5,252.99
MSI MAG Z790 TOMAHAWK WIFI,LGA1700,ATX,192,4,DDR5,259.99
Asus ROG STRIX Z790-H GAMING WIFI,LGA1700,ATX,192,4,DDR5,259.99
MSI PRO Z790-A MAX WIFI,LGA1700,ATX,192,4,DDR5,259.99
Gigabyte Z790 AORUS ELITE AX ICE,LGA1700,ATX,192,4,DDR5,259.99
Asus ROG STRIX B760-F GAMING WIFI,LGA1700,ATX,192,4,DDR5,269.99
Asus ROG STRIX B660-A GAMING WIFI,LGA1700,ATX,128,4,DDR5,272.03
Gigabyte Z790 AORUS ELITE X WIFI7,LGA1700,ATX,192,4,DDR5,279.99
Asus TUF GAMING Z790-PRO WIFI,LGA1700,ATX,192,4,DDR5,279.99
ASRock Z790 Nova WiFi,LGA1700,ATX,192,4,DDR5,279.99
Asus PRIME Z790-A WIFI,LGA1700,ATX,192,4,DDR5,289.99
Gigabyte Z790 AERO G,LGA1700,ATX,192,4,DDR5,289.99
Gigabyte Z790 AORUS ELITE X AX,LGA1700,ATX,192,4,DDR5,289.99
Asus ROG STRIX B660-F GAMING WIFI,LGA1700,ATX,192,4,DDR5,293.42
Gigabyte Z690 GAMING X,LGA1700,ATX,192,4,DDR5,293.86
NZXT N7 Z790,LGA1700,ATX,128,4,DDR5,299.99
MSI MPG Z790 EDGE WIFI,LGA1700,ATX,192,4,DDR5,299.99
NZXT N7 Z790,LGA1700,ATX,128,4,DDR5,299.99
MSI MAG Z790 TOMAHAWK MAX WIFI,LGA1700,ATX,192,4,DDR5,299.99
MSI MEG Z690 UNIFY,LGA1700,ATX,192,4,DDR5,329.99
Asus ROG MAXIMUS Z690 HERO,LGA1700,ATX,192,4,DDR5,335.99
Asus ROG STRIX Z790-A GAMING WIFI,LGA1700,ATX,192,4,DDR5,339.99
MSI PRO Z690-A,LGA1700,ATX,192,4,DDR5,349.99
Asus PRIME Z690-P,LGA1700,ATX,192,4,DDR5,359.00
Asus ROG STRIX Z790-F GAMING WIFI,LGA1700,ATX,192,4,DDR5,359.99
Asus ROG STRIX Z790-A GAMING WIFI II,LGA1700,ATX,192,4,DDR5,359.99
Gigabyte Z790 AORUS ELITE AX-W,LGA1700,ATX,192,4,DDR5,381.47
Gigabyte Z790 AORUS PRO X,LGA1700,ATX,192,4,DDR5,389.99
MSI MPG Z790 EDGE TI MAX WIFI,LGA1700,ATX,192,4,DDR5,389.99
Asus ROG STRIX Z790-E GAMING WIFI,LGA1700,ATX,192,4,DDR5,399.99
Gigabyte B660 AORUS Master,LGA1700,ATX,192,4,DDR5,401.59
Asus ROG STRIX Z790-F GAMING WIFI II,LGA1700,ATX,192,4,DDR5,429.99
Asus ProArt Z790-CREATOR WIFI,LGA1700,ATX,192,4,DDR5,439.99
MSI MPG Z790 CARBON WIFI,LGA1700,ATX,192,4,DDR5,440.45
Gigabyte Z690 AORUS PRO,LGA1700,ATX,192,4,DDR5,479.99
Asus ROG STRIX Z790-E GAMING WIFI II,LGA1700,ATX,192,4,DDR5,499.00
Gigabyte H610I,LGA1700,Mini ITX,64,2,DDR5,119.99
Asus ROG STRIX B760-I GAMING WIFI,LGA1700,Mini ITX,96,2,DDR5,207.01
Gigabyte B760I AORUS PRO,LGA1700,Mini ITX,96,2,DDR5,209.99
MSI MPG B760I EDGE WIFI,LGA1700,Mini ITX,96,2,DDR5,217.99
ASRock Z790M-ITX WIFI,LGA1700,Mini ITX,96,2,DDR5,221.99
Asus ROG STRIX Z690-I GAMING WIFI,LGA1700,Mini ITX,96,2,DDR5,229.99
ASRock Z690 Phantom Gaming-ITX/TB4,LGA1700,Mini ITX,96,2,DDR5,238.99
Gigabyte Z790I AORUS ULTRA,LGA1700,Mini ITX,96,2,DDR5,299.99
Asus ROG STRIX B660-I GAMING WIFI,LGA1700,Mini ITX,96,2,DDR5,306.54
MSI MPG Z790I EDGE WIFI,LGA1700,Mini ITX,96,2,DDR5,329.99
Asus ROG STRIX Z790-I GAMING WIFI,LGA1700,Mini ITX,96,2,DDR5,339.99
ASRock Z790 PG-ITX/TB4,LGA1700,Mini ITX,96,2,DDR5,342.23
MSI MEG Z690I UNIFY,LGA1700,Mini ITX,96,2,DDR5,399.99
Gigabyte H610M S2H,LGA1700,Micro ATX,64,2,DDR5,89.99
ASRock B760M-HDV/M.2,LGA1700,Micro ATX,96,2,DDR5,97.98
ASRock B760M PG Lightning,LGA1700,Micro ATX,192,4,DDR5,115.98
ASRock B760M Pro RS,LGA1700,Micro ATX,192,4,DDR5,124.99
ASRock B760M PG Riptide,LGA1700,Micro ATX,192,4,DDR5,129.99
Gigabyte B760M C,LGA1700,Micro ATX,192,4,DDR5,129.99
Gigabyte B760M DS3H AX,LGA1700,Micro ATX,192,4,DDR5,139.99
Asus Pro B760M-CT-CSM,LGA1700,Micro ATX,192,4,DDR5,139.99
Asus PRIME B760M-A,LGA1700,Micro ATX,128,4,DDR5,143.85
ASRock B760M Steel Legend WiFi,LGA1700,Micro ATX,192,4,DDR5,159.99
MSI MAG B760M MORTAR WIFI,LGA1700,Micro ATX,192,4,DDR5,159.99
ASRock Z690M PG RIPTIDE/D5,LGA1700,Micro ATX,192,4,DDR5,159.99
Asus PRIME B760M-A AX,LGA1700,Micro ATX,128,4,DDR5,168.99
Asus Pro Q670M-C-CSM,LGA1700,Micro ATX,128,4,DDR5,169.19
ASRock B760M PG SONIC WiFi,LGA1700,Micro ATX,192,4,DDR5,169.99
MSI PRO B760M-A WIFI,LGA1700,Micro ATX,192,4,DDR5,169.99
Gigabyte B760M AORUS ELITE AX,LGA1700,Micro ATX,192,4,DDR5,174.99
Gigabyte Q670M D3H,LGA1700,Micro ATX,128,4,DDR5,185.95
Asus TUF GAMING B760M-PLUS WIFI,LGA1700,Micro ATX,192,4,DDR5,189.99
Asus PRIME Z790M-PLUS,LGA1700,Micro ATX,192,4,DDR5,194.99
Asus TUF GAMING B660M-PLUS WIFI,LGA1700,Micro ATX,192,4,DDR5,236.78
MSI MAG B660M MORTAR WIFI,LGA1700,Micro ATX,192,4,DDR5,258.09
Asus ROG STRIX Z690-G GAMING WIFI,LGA1700,Micro ATX,128,4,DDR5,299.48
Asus ROG STRIX B660-G GAMING WIFI,LGA1700,Micro ATX,128,4,DDR5,321.00
ASRock Z690 Pro RS,LGA1700,ATX,128,4,DDR4,119.99
ASRock Z690 PG Riptide,LGA1700,ATX,128,4,DDR4,124.99
ASRock B760 Pro RS/D4,LGA1700,ATX,128,4,DDR4,129.99
Gigabyte B760 DS3H AC DDR4,LGA1700,ATX,128,4,DDR4,129.99
Asus PRIME H770-PLUS D4,LGA1700,ATX,128,4,DDR4,134.99
ASRock Z690 Extreme,LGA1700,ATX,128,4,DDR4,139.99
Asus PRIME H670-PLUS D4,LGA1700,ATX,128,4,DDR4,142.83
Asus ProArt B660-CREATOR D4,LGA1700,ATX,128,4,DDR4,144.00
MSI PRO Z690-P DDR4,LGA1700,ATX,128,4,DDR4,149.99
Asus PRIME B760-PLUS D4,LGA1700,ATX,128,4,DDR4,154.99
Gigabyte B760 DS3H AX DDR4,LGA1700,ATX,128,4,DDR4,154.99
MSI PRO B760-P WIFI DDR4,LGA1700,ATX,128,4,DDR4,159.99
MSI MAG B760 TOMAHAWK WIFI DDR4,LGA1700,ATX,128,4,DDR4,159.99
ASRock B660 Steel Legend,LGA1700,ATX,128,4,DDR4,159.99
Asus PRIME B660-PLUS D4,LGA1700,ATX,128,4,DDR4,163.60
MSI PRO Z690-A WIFI DDR4,LGA1700,ATX,128,4,DDR4,164.00
ASRock H670 Steel Legend,LGA1700,ATX,128,4,DDR4,169.02
ASRock Z690 Steel Legend,LGA1700,ATX,128,4,DDR4,169.99
MSI PRO Z690-A DDR4,LGA1700,ATX,128,4,DDR4,179.99
Gigabyte Z790 D DDR4,LGA1700,ATX,128,4,DDR4,179.99
MSI MAG B660 TOMAHAWK WIFI DDR4,LGA1700,ATX,128,4,DDR4,181.34
Asus TUF GAMING B760-PLUS WIFI D4,LGA1700,ATX,192,4,DDR4,188.99
Gigabyte Z690 AORUS ELITE AX DDR4,LGA1700,ATX,128,4,DDR4,189.99
MSI PRO Z790-P WIFI DDR4,LGA1700,ATX,128,4,DDR4,189.99
ASRock H670 PG Riptide,LGA1700,ATX,128,4,DDR4,192.09
ASRock Z690 Phantom Gaming 4,LGA1700,ATX,128,4,DDR4,192.51
ASRock Z690 Extreme WiFi 6E,LGA1700,ATX,128,4,DDR4,196.99
Gigabyte B760 GAMING X AX DDR4,LGA1700,ATX,128,4,DDR4,199.27
Asus TUF GAMING Z790-PLUS WIFI D4,LGA1700,ATX,128,4,DDR4,199.99
Gigabyte Z690 AERO G DDR4,LGA1700,ATX,128,4,DDR4,199.99
ASRock B660 Pro RS,LGA1700,ATX,128,4,DDR4,201.63
Gigabyte B660 DS3H DDR4,LGA1700,ATX,128,4,DDR4,203.34
Asus PROART B760-CREATOR D4,LGA1700,ATX,128,4,DDR4,204.99
MSI MAG Z790 TOMAHAWK WIFI DDR4,LGA1700,ATX,128,4,DDR4,209.00
ASRock Z790 Pro RS/D4,LGA1700,ATX,128,4,DDR4,209.99
Asus PRIME Z690-P WIFI D4,LGA1700,ATX,128,4,DDR4,219.99
Asus PRIME Z790-P WIFI D4,LGA1700,ATX,128,4,DDR4,219.99
MSI PRO Z790-A WIFI DDR4,LGA1700,ATX,128,4,DDR4,219.99
Gigabyte B660 GAMING X AX DDR4,LGA1700,ATX,128,4,DDR4,221.66
Gigabyte Z690 GAMING X DDR4,LGA1700,ATX,128,4,DDR4,226.14
Asus ROG STRIX B760-A GAMING WIFI D4,LGA1700,ATX,128,4,DDR4,229.99
MSI MAG Z690 TOMAHAWK WIFI DDR4,LGA1700,ATX,128,4,DDR4,229.99
Asus TUF GAMING H670-PRO WIFI D4,LGA1700,ATX,128,4,DDR4,230.90
ASRock Z790 PG Lightning/D4,LGA1700,ATX,128,4,DDR4,232.66
Asus PRIME Z690-P D4,LGA1700,ATX,128,4,DDR4,232.84
Asus TUF GAMING B660-PLUS WIFI D4,LGA1700,ATX,128,4,DDR4,236.90
Asus ROG STRIX B660-A GAMING WIFI D4,LGA1700,ATX,128,4,DDR4,237.00
NZXT N5 Z690,LGA1700,ATX,128,4,DDR4,239.99
Gigabyte Z790 AORUS ELITE AX DDR4,LGA1700,ATX,128,4,DDR4,239.99
NZXT N5 Z690,LGA1700,ATX,128,4,DDR4,239.99
Gigabyte Z790 AORUS ELITE DDR4,LGA1700,ATX,128,4,DDR4,243.81
MSI MPG Z690 EDGE WIFI DDR4,LGA1700,ATX,128,4,DDR4,249.99
MSI PRO B660-A DDR4,LGA1700,ATX,128,4,DDR4,250.00
Biostar Z690A VALKYRIE,LGA1700,ATX,128,4,DDR4,250.00
NZXT N7-Z69XT-B1,LGA1700,ATX,128,4,DDR4,269.00
Asus TUF GAMING Z690-PLUS WIFI D4,LGA1700,ATX,128,4,DDR4,269.99
Gigabyte Z690 AORUS ELITE DDR4,LGA1700,ATX,128,4,DDR4,273.83
MSI MPG Z790 EDGE WIFI DDR4,LGA1700,ATX,128,4,DDR4,291.99
Asus ROG STRIX Z790-A GAMING WIFI D4,LGA1700,ATX,128,4,DDR4,299.99
Gigabyte Z690 UD DDR4,LGA1700,ATX,128,4,DDR4,299.99
Asus TUF GAMING Z690-PLUS D4,LGA1700,ATX,128,4,DDR4,304.08
Gigabyte B660 AORUS Master DDR4,LGA1700,ATX,128,4,DDR4,305.97
Asus TUF GAMING Z790-PLUS D4,LGA1700,ATX,128,4,DDR4,334.73
NZXT N7-Z69XT-W1,LGA1700,ATX,128,4,DDR4,341.72
Asus ROG STRIX Z690-A GAMING WIFI D4,LGA1700,ATX,128,4,DDR4,391.30
MSI PRO H610M-G DDR4,LGA1700,Micro ATX,64,2,DDR4,79.98
ASRock H610M-HDV,LGA1700,Micro ATX,64,2,DDR4,79.98
ASRock H610M-HVS,LGA1700,Micro ATX,64,2,DDR4,79.98
ASRock B660M Pro RS,LGA1700,Micro ATX,128,4,DDR4,89.99
ASRock B760M-HDV/M.2 D4,LGA1700,Micro ATX,64,2,DDR4,91.98
Asus PRIME H610M-E D4-CSM,LGA1700,Micro ATX,64,2,DDR4,92.00
ASRock B660M-HDV,LGA1700,Micro ATX,64,2,DDR4,94.90
MSI PRO B760M-P DDR4,LGA1700,Micro ATX,128,4,DDR4,99.99
ASRock H610M-HDV/M.2,LGA1700,Micro ATX,64,2,DDR4,100.99
ASRock H610M-HVS/M.2 R2.0,LGA1700,Micro ATX,64,2,DDR4,104.71
Asus PRO H610M-CT D4-CSM,LGA1700,Micro ATX,64,2,DDR4,105.99
Gigabyte H610M H DDR4,LGA1700,Micro ATX,64,2,DDR4,109.28
Gigabyte B760M DS3H DDR4,LGA1700,Micro ATX,128,4,DDR4,109.99
MSI PRO H610M-G WIFI DDR4,LGA1700,Micro ATX,64,2,DDR4,109.99
Asus PRIME H610M-A D4-CSM,LGA1700,Micro ATX,64,2,DDR4,109.99
ASRock B760M PG Lightning/D4,LGA1700,Micro ATX,128,4,DDR4,111.98
Biostar H610MH,LGA1700,Micro ATX,64,2,DDR4,112.20
Asus PRIME H610M-K D4,LGA1700,Micro ATX,64,2,DDR4,112.90
ASRock H670M Pro RS,LGA1700,Micro ATX,128,4,DDR4,120.00
Gigabyte H610M S2H DDR4,LGA1700,Micro ATX,64,2,DDR4,121.53
Asus PRIME H610M-D D4,LGA1700,Micro ATX,64,2,DDR4,122.27
Asus PRIME H610M-E D4,LGA1700,Micro ATX,64,2,DDR4,122.53
ASRock Z690M Phantom Gaming 4,LGA1700,Micro ATX,128,4,DDR4,125.00
Gigabyte B660M AORUS ELITE AX DDR4,LGA1700,Micro ATX,128,4,DDR4,129.99
ASRock B760M Pro RS/D4,LGA1700,Micro ATX,128,4,DDR4,129.99
Asus Pro B660M-C D4-CSM,LGA1700,Micro ATX,128,4,DDR4,129.99
MSI PRO B760M-A WIFI DDR4,LGA1700,Micro ATX,128,4,DDR4,134.99
Asus PRIME B760M-A D4,LGA1700,Micro ATX,128,4,DDR4,134.99
Gigabyte B760M GAMING X AX DDR4,LGA1700,Micro ATX,128,4,DDR4,139.99
Asus PRIME B660M-K D4,LGA1700,Micro ATX,64,2,DDR4,140.24
Biostar B660MX-E,LGA1700,Micro ATX,64,2,DDR4,142.30
MSI MAG B660M MORTAR WIFI DDR4,LGA1700,Micro ATX,128,4,DDR4,148.69
Gigabyte B660M AORUS Pro AX DDR4,LGA1700,Micro ATX,128,4,DDR4,149.99
Asus PRIME B660M-A AC D4,LGA1700,Micro ATX,128,4,DDR4,149.99
Asus TUF GAMING B760M-PLUS WIFI D4,LGA1700,Micro ATX,128,4,DDR4,154.99
Asus PRIME B760M-A AX D4,LGA1700,Micro ATX,128,4,DDR4,163.99
Gigabyte B760M DS3H AX DDR4,LGA1700,Micro ATX,128,4,DDR4,167.41
MSI MAG B660M BAZOOKA DDR4,LGA1700,Micro ATX,128,4,DDR4,175.80
MSI MAG B660M MORTAR MAX WIFI DDR4,LGA1700,Micro ATX,128,4,DDR4,176.99
Asus PRIME Z790M-PLUS D4,LGA1700,Micro ATX,128,4,DDR4,179.99
ASRock Z790M PG LIGHTNING/D4,LGA1700,Micro ATX,128,4,DDR4,179.99
Asus TUF GAMING B660M-PLUS D4,LGA1700,Micro ATX,128,4,DDR4,199.93
Asus TUF GAMING B660M-E D4,LGA1700,Micro ATX,128,4,DDR4,212.56
ASRock B660M Steel Legend,LGA1700,Micro ATX,128,4,DDR4,214.14
Asus TUF GAMING B660M-PLUS WIFI D4,LGA1700,Micro ATX,128,4,DDR4,214.45
Asus PRIME B660M-A D4,LGA1700,Micro ATX,128,4,DDR4,219.00
MSI PRO B660M-A DDR4,LGA1700,Micro ATX,128,4,DDR4,219.00
Asus PRIME Z690M-PLUS D4,LGA1700,Micro ATX,128,4,DDR4,249.00
Asus PRIME B660M-A WIFI D4,LGA1700,Micro ATX,128,4,DDR4,250.00
MSI PRO-B660M-B-DDR4,LGA1700,Micro ATX,64,2,DDR4,270.00
Asus PRIME H610I-PLUS D4-CSM,LGA1700,Mini ITX,64,2,DDR4,112.99
ASRock H610M-ITX/ac,LGA1700,Mini ITX,64,2,DDR4,118.99
ASRock B660M-ITX/ac,LGA1700,Mini ITX,64,2,DDR4,119.99
ASRock Z690M-ITX/ax,LGA1700,Mini ITX,64,2,DDR4,134.99
Gigabyte H610I DDR4,LGA1700,Mini ITX,64,2,DDR4,135.33
ASRock H610M-ITX/eDP,LGA1700,Mini ITX,64,2,DDR4,138.22
ASRock B760M-ITX/D4 WiFi,LGA1700,Mini ITX,64,2,DDR4,148.99
ASRock H670M-ITX/ax,LGA1700,Mini ITX,64,2,DDR4,169.99
Gigabyte B760I AORUS PRO DDR4,LGA1700,Mini ITX,64,2,DDR4,189.99
Gigabyte B660I AORUS Pro DDR4,LGA1700,Mini ITX,64,2,DDR4,263.06
Gigabyte Z690I AORUS ULTRA DDR4,LGA1700,Mini ITX,64,2,DDR4,279.99