Name,Speed,Modules,Price / GB,DDR,Price
Corsair Vengeance LPX 8 GB,2400,1 x 8GB,3.124,DDR4,24.99
Kingston FURY Beast 8 GB,3200,1 x 8GB,3.519,DDR4,28.15
Crucial CT8G4DFS824A 8 GB,2400,1 x 8GB,1.874,DDR4,14.99
Crucial CT8G4DFRA32A 8 GB,3200,1 x 8GB,2.123,DDR4,16.98
Patriot Viper Steel 8 GB,3200,1 x 8GB,2.624,DDR4,20.99
G.Skill Ripjaws V 8 GB,2400,1 x 8GB,8.748,DDR4,69.98
Corsair Vengeance LPX 8 GB,3200,1 x 8GB,3.124,DDR4,24.99
Patriot Signature Line 8 GB,3200,1 x 8GB,2.123,DDR4,16.98
Patriot Viper Elite II 8 GB,3200,1 x 8GB,2.373,DDR4,18.98
Kingston ValueRAM 8 GB,2666,1 x 8GB,3.046,DDR4,24.37
G.Skill Aegis 8 GB,3000,1 x 8GB,2.749,DDR4,21.99
G.Skill Aegis 8 GB,3200,1 x 8GB,3.124,DDR4,24.99
Corsair Vengeance LPX 8 GB,3000,1 x 8GB,3.124,DDR4,24.99
Patriot Signature Premium 8 GB,2666,1 x 8GB,2.123,DDR4,16.98
Corsair Vengeance LPX 8 GB,2666,1 x 8GB,3.124,DDR4,24.99
Samsung Green 8 GB,2133,1 x 8GB,2.205,DDR4,17.64
Kingston FURY Beast RGB 8 GB,3200,1 x 8GB,4.106,DDR4,32.85
Patriot Viper Steel 8 GB,3000,1 x 8GB,2.498,DDR4,19.98
Patriot Signature Line 8 GB,2666,1 x 8GB,1.999,DDR4,15.99
Corsair Vengeance LPX 8 GB,2400,1 x 8GB,2.498,DDR4,19.98
Corsair Vengeance RGB Pro 8 GB,3200,1 x 8GB,3.749,DDR4,29.99
Patriot Viper Elite II 8 GB,3600,1 x 8GB,2.373,DDR4,18.98
TEAMGROUP Elite 8 GB,2666,1 x 8GB,2.248,DDR4,17.98
Kingston FURY Beast 8 GB,3600,1 x 8GB,3.511,DDR4,28.09
Patriot Viper Elite II 8 GB,2666,1 x 8GB,2.123,DDR4,16.98
TEAMGROUP Elite 8 GB,3200,1 x 8GB,2.615,DDR4,20.92
Corsair Vengeance LPX 8 GB,3200,1 x 8GB,3.124,DDR4,24.99
Corsair CMV8GX4M1A2133C15 8 GB,2133,1 x 8GB,2.373,DDR4,18.98
Patriot Viper Elite II 8 GB,4000,1 x 8GB,2.874,DDR4,22.99
Crucial CT8G4DFS8266 8 GB,2666,1 x 8GB,3.374,DDR4,26.99
TEAMGROUP T-Force Vulcan Z 8 GB,3200,1 x 8GB,3.155,DDR4,25.24
Kingston FURY Renegade 8 GB,4000,1 x 8GB,5.274,DDR4,42.19
Kingston FURY Beast 8 GB,2666,1 x 8GB,3.219,DDR4,25.75
G.Skill Value 8 GB,2666,1 x 8GB,2.411,DDR4,19.29
Corsair Vengeance LPX 16 GB,3200,2 x 8GB,2.624,DDR4,41.99
Corsair Vengeance RGB Pro 16 GB,3200,2 x 8GB,3.437,DDR4,54.99
Silicon Power GAMING 16 GB,3200,2 x 8GB,1.998,DDR4,31.97
Corsair Vengeance LPX 16 GB,3600,2 x 8GB,2.499,DDR4,39.99
TEAMGROUP T-Force Vulcan Z 16 GB,3200,2 x 8GB,2.187,DDR4,34.99
G.Skill Ripjaws V 16 GB,3600,2 x 8GB,3.124,DDR4,49.99
Corsair Vengeance RGB Pro 16 GB,3200,2 x 8GB,3.749,DDR4,59.99
Kingston FURY Beast 16 GB,3200,2 x 8GB,3.002,DDR4,48.03
TEAMGROUP T-Force Delta RGB 16 GB,3600,2 x 8GB,2.874,DDR4,45.99
G.Skill Ripjaws V 16 GB,3200,2 x 8GB,2.374,DDR4,37.99
G.Skill Trident Z RGB 16 GB,3600,2 x 8GB,3.624,DDR4,57.99
Silicon Power SP016GBLFU320B22 16 GB,3200,2 x 8GB,1.999,DDR4,31.99
Silicon Power XPOWER Turbine 16 GB,3200,2 x 8GB,1.936,DDR4,30.97
TEAMGROUP T-Force Delta RGB 16 GB,3600,2 x 8GB,3.249,DDR4,51.99
TEAMGROUP Vulcan Z 16 GB,3600,2 x 8GB,2.249,DDR4,35.99
Corsair Vengeance LPX 16 GB,3200,2 x 8GB,2.812,DDR4,44.99
G.Skill Aegis 16 GB,3200,2 x 8GB,2.687,DDR4,42.99
Corsair Vengeance RGB Pro 16 GB,3600,2 x 8GB,3.437,DDR4,54.99
Corsair Vengeance LPX 16 GB,3200,2 x 8GB,2.499,DDR4,39.99
TEAMGROUP T-Force Delta RGB 16 GB,3200,2 x 8GB,3.009,DDR4,48.14
G.Skill Ripjaws V 16 GB,3600,2 x 8GB,2.499,DDR4,39.99
Corsair Vengeance LPX 16 GB,3200,2 x 8GB,2.812,DDR4,44.99
Kingston FURY Beast RGB 16 GB,3200,2 x 8GB,3.062,DDR4,48.99
TEAMGROUP T-Force Vulcan Z 16 GB,3200,2 x 8GB,2.187,DDR4,34.99
Patriot Viper Steel 16 GB,3200,2 x 8GB,2.499,DDR4,39.99
G.Skill Trident Z RGB 16 GB,3200,2 x 8GB,3.624,DDR4,57.99
Corsair Vengeance LPX 16 GB,3600,2 x 8GB,3.437,DDR4,54.99
Corsair Vengeance LPX 16 GB,3000,2 x 8GB,2.812,DDR4,44.99
Crucial CT2K8G4DFRA32A 16 GB,3200,2 x 8GB,2.187,DDR4,34.99
Timetec PINNACLE Konduit 16 GB,3200,2 x 8GB,2.062,DDR4,32.99
Lexar THOR 16 GB,3200,2 x 8GB,2.802,DDR4,44.83
OLOy MD4U083216BJDA 16 GB,3200,2 x 8GB,2.124,DDR4,33.99
ADATA XPG SPECTRIX D50 16 GB,3200,2 x 8GB,2.999,DDR4,47.99
Klevv BOLT X 16 GB,3600,2 x 8GB,2.249,DDR4,35.99
TEAMGROUP T-Force Delta RGB 16 GB,3200,2 x 8GB,3.124,DDR4,49.99
Kingston FURY Beast 16 GB,3600,2 x 8GB,3.437,DDR4,54.99
Kingston FURY Renegade 16 GB,5333,2 x 8GB,13.854,DDR4,221.67
G.Skill Trident Z Neo 16 GB,3600,2 x 8GB,4.062,DDR4,64.99
Corsair Vengeance RGB Pro 16 GB,3600,2 x 8GB,4.061,DDR4,64.98
ADATA XPG GAMMIX D20 16 GB,3200,2 x 8GB,2.374,DDR4,37.99
G.Skill Aegis 16 GB,3000,2 x 8GB,2.249,DDR4,35.99
Corsair Vengeance LPX 16 GB,2666,2 x 8GB,2.499,DDR4,39.99
Corsair Vengeance LPX 16 GB,2400,2 x 8GB,2.499,DDR4,39.99
OLOy MD4U083016BGDA 16 GB,3000,2 x 8GB,1.999,DDR4,31.98
TEAMGROUP T-Create Expert 16 GB,3200,2 x 8GB,2.187,DDR4,34.99
Silicon Power GAMING 16 GB,3600,2 x 8GB,2.186,DDR4,34.97
Patriot Signature Premium 16 GB,2666,2 x 8GB,2.093,DDR4,33.49
Corsair Vengeance RGB Pro 32 GB,3600,2 x 16GB,2.968,DDR4,94.99
Corsair Vengeance LPX 32 GB,3600,2 x 16GB,2.343,DDR4,74.98
G.Skill Ripjaws V 32 GB,3200,2 x 16GB,2.031,DDR4,64.98
Corsair Vengeance RGB Pro SL 32 GB,3600,2 x 16GB,2.656,DDR4,84.99
Silicon Power GAMING 32 GB,3200,2 x 16GB,1.593,DDR4,50.97
Corsair Vengeance LPX 32 GB,3200,2 x 16GB,2.187,DDR4,69.98
G.Skill Trident Z RGB 32 GB,3200,2 x 16GB,2.562,DDR4,81.99
G.Skill Ripjaws V 32 GB,3600,2 x 16GB,2.499,DDR4,79.98
Kingston FURY Beast 32 GB,3200,2 x 16GB,1.968,DDR4,62.99
TEAMGROUP T-Force Vulcan Z 32 GB,3600,2 x 16GB,1.906,DDR4,60.99
TEAMGROUP T-Force Delta RGB 32 GB,3600,2 x 16GB,2.374,DDR4,75.98
Crucial Pro 32 GB,3200,2 x 16GB,1.843,DDR4,58.99
TEAMGROUP T-Force Delta RGB 32 GB,3600,2 x 16GB,2.374,DDR4,75.98
Corsair Vengeance RGB Pro 32 GB,3200,2 x 16GB,2.499,DDR4,79.98
G.Skill Ripjaws V 32 GB,3600,2 x 16GB,2.187,DDR4,69.99
TEAMGROUP Elite 32 GB,3200,2 x 16GB,1.625,DDR4,51.99
G.Skill Trident Z Neo 32 GB,3600,2 x 16GB,3.125,DDR4,99.99
Corsair Vengeance RGB Pro 32 GB,3200,2 x 16GB,2.812,DDR4,89.99
G.Skill Trident Z RGB 32 GB,3600,2 x 16GB,2.562,DDR4,81.99
TEAMGROUP T-Force Vulcan Z 32 GB,3200,2 x 16GB,1.875,DDR4,59.99
Kingston FURY Renegade 32 GB,3600,2 x 16GB,3.003,DDR4,96.10
G.Skill Ripjaws V 32 GB,4000,2 x 16GB,2.437,DDR4,77.98
TEAMGROUP T-Create Expert 32 GB,3200,2 x 16GB,1.812,DDR4,57.99
TEAMGROUP T-Create Expert 32 GB,3600,2 x 16GB,1.843,DDR4,58.99
Silicon Power XPOWER Turbine 32 GB,3200,2 x 16GB,1.562,DDR4,49.97
Kingston FURY Beast RGB 32 GB,3200,2 x 16GB,2.374,DDR4,75.98
Patriot Viper Steel 32 GB,3200,2 x 16GB,1.875,DDR4,59.99
G.Skill Aegis 32 GB,3200,2 x 16GB,1.968,DDR4,62.99
Corsair Vengeance LPX 32 GB,3600,2 x 16GB,2.812,DDR4,89.99
G.Skill Trident Z Royal 32 GB,3600,2 x 16GB,3.281,DDR4,104.99
G.Skill Ripjaws V 32 GB,4400,2 x 16GB,2.593,DDR4,82.99
TEAMGROUP T-Create Classic 32 GB,3200,2 x 16GB,1.812,DDR4,57.99
Corsair Vengeance RGB RT 32 GB,3600,2 x 16GB,3.125,DDR4,99.99
Corsair Vengeance RGB RT 32 GB,4600,2 x 16GB,4.531,DDR4,144.99
Corsair Vengeance RGB Pro 32 GB,3200,4 x 8GB,3.437,DDR4,109.99
Corsair Vengeance LPX 32 GB,3600,4 x 8GB,2.812,DDR4,89.99
Corsair Vengeance RGB Pro 32 GB,3200,4 x 8GB,3.906,DDR4,124.99
G.Skill Trident Z RGB 32 GB,3200,4 x 8GB,3.343,DDR4,106.99
Corsair Vengeance LPX 32 GB,3200,4 x 8GB,2.812,DDR4,89.99
Corsair Dominator Platinum RGB 32 GB,3600,4 x 8GB,5.611,DDR4,179.55
Corsair Vengeance RGB Pro 32 GB,3600,4 x 8GB,4.062,DDR4,129.99
Corsair Vengeance RGB Pro 32 GB,3600,4 x 8GB,4.375,DDR4,139.99
Corsair Vengeance RGB Pro SL 32 GB,3200,4 x 8GB,3.593,DDR4,114.99
G.Skill Ripjaws V 32 GB,3600,4 x 8GB,3.062,DDR4,97.99
Corsair Vengeance LPX 32 GB,3600,4 x 8GB,3.125,DDR4,99.99
Corsair Vengeance RGB Pro SL 32 GB,3600,4 x 8GB,3.906,DDR4,124.99
Corsair Dominator Platinum RGB 32 GB,3600,4 x 8GB,5.625,DDR4,179.99
G.Skill Aegis 32 GB,3200,4 x 8GB,2.499,DDR4,79.98
Kingston FURY Beast 32 GB,3200,4 x 8GB,2.873,DDR4,91.94
Corsair Vengeance RGB Pro SL 32 GB,3600,4 x 8GB,3.906,DDR4,124.99
Corsair Vengeance LPX 32 GB,2666,4 x 8GB,2.812,DDR4,89.99
Corsair Vengeance RGB Pro 32 GB,3600,4 x 8GB,4.531,DDR4,144.99
Corsair Vengeance RGB Pro SL 32 GB,3200,4 x 8GB,3.593,DDR4,114.99
Corsair Dominator Platinum RGB 32 GB,3200,4 x 8GB,5.000,DDR4,159.99
Kingston FURY Beast RGB 32 GB,3600,4 x 8GB,3.811,DDR4,121.95
G.Skill Value 32 GB,2400,4 x 8GB,2.134,DDR4,68.28
G.Skill Ripjaws V 32 GB,4000,4 x 8GB,6.093,DDR4,194.99
Corsair Dominator Platinum RGB 32 GB,3200,4 x 8GB,5.000,DDR4,159.99
Kingston FURY Beast 32 GB,2666,4 x 8GB,2.499,DDR4,79.98
Corsair Vengeance LPX 32 GB,3200,4 x 8GB,2.968,DDR4,94.99
Kingston Fury Renegade RGB 32 GB,3600,4 x 8GB,3.696,DDR4,118.27
Corsair Dominator Platinum RGB 32 GB,4000,4 x 8GB,11.870,DDR4,379.85
G.Skill Trident Z RGB 32 GB,3200,4 x 8GB,3.437,DDR4,109.99
Kingston FURY Beast 32 GB,3600,4 x 8GB,3.125,DDR4,100.00
Corsair Vengeance RGB Pro 32 GB,3600,4 x 8GB,4.218,DDR4,134.99
Corsair Vengeance LPX 32 GB,4000,4 x 8GB,5.000,DDR4,159.99
Corsair Vengeance RGB RT 32 GB,3600,4 x 8GB,4.062,DDR4,129.99
Crucial CT4K8G4DFS8266 32 GB,2666,4 x 8GB,3.312,DDR4,105.99
G.Skill Ripjaws V 32 GB,4000,4 x 8GB,3.614,DDR4,115.64
G.Skill Ripjaws 32 GB,2400,4 x 8GB,4.844,DDR4,155.00
G.Skill Trident Z RGB 32 GB,3000,4 x 8GB,12.498,DDR4,399.95
Kingston FURY Renegade 32 GB,2666,4 x 8GB,2.854,DDR4,91.34
G.Skill Trident Z RGB 32 GB,4266,4 x 8GB,8.008,DDR4,256.27
Kingston FURY Renegade 32 GB,3600,4 x 8GB,3.998,DDR4,127.93
G.Skill Ripjaws 32 GB,2400,4 x 8GB,2.441,DDR4,78.11
Corsair Vengeance RGB RT 32 GB,3600,4 x 8GB,4.218,DDR4,134.99
Corsair Vengeance LPX 64 GB,3200,2 x 32GB,1.953,DDR4,124.99
G.Skill Ripjaws V 64 GB,3600,2 x 32GB,2.031,DDR4,129.99
G.Skill Trident Z RGB 64 GB,3600,2 x 32GB,2.187,DDR4,139.99
Corsair Vengeance LPX 64 GB,3600,2 x 32GB,1.875,DDR4,119.99
Corsair Vengeance RGB Pro 64 GB,3200,2 x 32GB,2.031,DDR4,129.99
Corsair Vengeance RGB Pro 64 GB,3600,2 x 32GB,2.187,DDR4,139.99
Patriot Viper Steel 64 GB,3200,2 x 32GB,1.672,DDR4,106.99
G.Skill Ripjaws V 64 GB,4400,2 x 32GB,3.281,DDR4,209.99
Kingston FURY Beast 64 GB,3200,2 x 32GB,2.230,DDR4,142.75
Mushkin Enhanced Redline Stiletto 64 GB,3200,2 x 32GB,1.640,DDR4,104.99
Mushkin Enhanced Redline Stiletto 64 GB,3600,2 x 32GB,1.719,DDR4,109.99
Patriot Viper 4 Blackout 64 GB,3600,2 x 32GB,1.703,DDR4,108.99
G.Skill Trident Z RGB 64 GB,4000,2 x 32GB,2.812,DDR4,179.99
TEAMGROUP T-Force Vulcan Z 64 GB,3200,2 x 32GB,1.844,DDR4,117.99
Crucial CT2K32G4DFD832A 64 GB,3200,2 x 32GB,1.683,DDR4,107.71
Patriot Viper 4 Blackout 64 GB,3200,2 x 32GB,1.687,DDR4,107.99
TEAMGROUP T-Force Delta RGB 64 GB,3600,2 x 32GB,2.281,DDR4,145.99
G.Skill Trident Z RGB 64 GB,4400,2 x 32GB,4.112,DDR4,263.16
TEAMGROUP T-Force Delta RGB 64 GB,3200,2 x 32GB,2.187,DDR4,139.99
G.Skill Ripjaws V 64 GB,4000,2 x 32GB,2.656,DDR4,169.99
G.Skill Trident Z Royal 64 GB,3600,2 x 32GB,2.578,DDR4,164.99
G.Skill Trident Z Neo 64 GB,3600,2 x 32GB,3.125,DDR4,199.99
TEAMGROUP T-Create Expert 64 GB,3600,2 x 32GB,1.844,DDR4,117.99
G.Skill Ripjaws V 64 GB,3200,2 x 32GB,2.109,DDR4,134.99
Patriot Viper Steel 64 GB,3600,2 x 32GB,1.765,DDR4,112.99
Mushkin Enhanced Redline Stiletto 64 GB,3600,2 x 32GB,2.578,DDR4,164.99
Corsair Dominator Platinum RGB 64 GB,3600,2 x 32GB,3.359,DDR4,214.99
G.Skill Ripjaws V 64 GB,2666,2 x 32GB,1.875,DDR4,119.99
G.Skill Trident Z Neo 64 GB,3600,2 x 32GB,2.344,DDR4,149.99
Mushkin Silverline 64 GB,3200,2 x 32GB,1.562,DDR4,99.99
TEAMGROUP Elite 64 GB,3200,2 x 32GB,1.609,DDR4,102.99
TEAMGROUP T-Create Expert 64 GB,3200,2 x 32GB,1.812,DDR4,115.99
TEAMGROUP T-Force Vulcan Z 64 GB,3600,2 x 32GB,1.875,DDR4,119.99
Patriot Viper Elite II 64 GB,3600,2 x 32GB,1.703,DDR4,108.99
TEAMGROUP T-Force Xtreem ARGB 64 GB,3600,2 x 32GB,2.344,DDR4,149.99
Corsair Vengeance RGB RT 64 GB,3200,2 x 32GB,2.422,DDR4,154.99
G.Skill Trident Z Royal 64 GB,4000,2 x 32GB,3.125,DDR4,199.99
Mushkin Redline Lumina 64 GB,3600,2 x 32GB,2.344,DDR4,149.99
Kingston FURY Beast RGB 64 GB,3600,2 x 32GB,2.644,DDR4,169.19
TEAMGROUP T-Force Delta RGB 64 GB,3600,2 x 32GB,2.281,DDR4,145.99
Mushkin Essentials 64 GB,2666,2 x 32GB,1.562,DDR4,99.98
Kingston FURY Beast 64 GB,3600,2 x 32GB,2.512,DDR4,160.75
Patriot Viper Steel RGB 64 GB,3600,2 x 32GB,1.797,DDR4,114.99
G.Skill Trident Z5 RGB 64 GB,6400,2 x 32GB,3.359,DDR5,214.99
G.Skill Trident Z5 Neo 64 GB,6000,2 x 32GB,3.203,DDR5,204.99
Corsair Vengeance 64 GB,5200,2 x 32GB,2.500,DDR5,159.99
Corsair Vengeance RGB 64 GB,6000,2 x 32GB,3.281,DDR5,209.99
G.Skill Ripjaws S5 64 GB,6000,2 x 32GB,3.125,DDR5,199.99
G.Skill Flare X5 64 GB,6000,2 x 32GB,2.812,DDR5,179.99
Corsair Dominator Platinum RGB 64 GB,6800,2 x 32GB,5.078,DDR5,324.99
G.Skill Trident Z5 Neo RGB 64 GB,6000,2 x 32GB,3.281,DDR5,209.99
Corsair Vengeance 64 GB,6400,2 x 32GB,3.281,DDR5,209.99
Corsair Vengeance 64 GB,5600,2 x 32GB,2.812,DDR5,179.99
Corsair Vengeance 64 GB,6600,2 x 32GB,3.695,DDR5,236.45
Corsair Vengeance 64 GB,6000,2 x 32GB,3.281,DDR5,209.99
G.Skill Trident Z5 RGB 64 GB,6800,2 x 32GB,4.219,DDR5,269.99
G.Skill Ripjaws S5 64 GB,5600,2 x 32GB,2.812,DDR5,179.99
TEAMGROUP T-Force Delta RGB 64 GB,6000,2 x 32GB,2.734,DDR5,174.99
Corsair Dominator Platinum RGB 64 GB,5600,2 x 32GB,3.531,DDR5,225.99
G.Skill Trident Z5 RGB 64 GB,6400,2 x 32GB,3.359,DDR5,214.99
TEAMGROUP T-Create Expert 64 GB,6000,2 x 32GB,2.734,DDR5,174.99
Corsair Vengeance RGB 64 GB,6000,2 x 32GB,3.281,DDR5,209.99
Corsair Vengeance RGB 64 GB,6600,2 x 32GB,3.859,DDR5,246.95
Corsair Dominator Titanium 64 GB,6600,2 x 32GB,5.078,DDR5,324.99
G.Skill Trident Z5 RGB 64 GB,6400,2 x 32GB,3.359,DDR5,214.99
G.Skill Ripjaws S5 64 GB,6400,2 x 32GB,3.125,DDR5,199.99
Kingston FURY Beast RGB 64 GB,6000,2 x 32GB,3.714,DDR5,237.68
Corsair Vengeance RGB 64 GB,6000,2 x 32GB,3.359,DDR5,214.99
Corsair Dominator Titanium 64 GB,6600,2 x 32GB,5.078,DDR5,324.99
Corsair Dominator Platinum RGB 64 GB,6000,2 x 32GB,3.906,DDR5,249.99
G.Skill Trident Z5 RGB 64 GB,6000,2 x 32GB,3.406,DDR5,217.99
G.Skill Ripjaws S5 64 GB,6800,2 x 32GB,3.906,DDR5,249.99
Crucial CT2K32G48C40U5 64 GB,4800,2 x 32GB,2.375,DDR5,151.99
Corsair Vengeance RGB 64 GB,6000,2 x 32GB,3.672,DDR5,234.99
Corsair Vengeance RGB 64 GB,6400,2 x 32GB,3.437,DDR5,219.99
G.Skill Ripjaws S5 64 GB,6000,2 x 32GB,2.812,DDR5,179.99
Corsair Dominator Titanium First Edition 64 GB,6600,2 x 32GB,5.625,DDR5,359.99
TEAMGROUP T-Force Delta RGB 64 GB,6000,2 x 32GB,2.734,DDR5,174.99
Kingston FURY Beast 64 GB,6000,2 x 32GB,3.594,DDR5,229.99
Corsair Vengeance 64 GB,6000,2 x 32GB,3.281,DDR5,209.99
G.Skill Trident Z5 RGB 64 GB,6000,2 x 32GB,3.406,DDR5,217.99
Corsair Dominator Titanium 64 GB,6000,2 x 32GB,4.609,DDR5,294.99
G.Skill Trident Z5 RGB 64 GB,5600,2 x 32GB,3.281,DDR5,209.99
G.Skill Trident Z5 RGB 64 GB,6000,2 x 32GB,3.047,DDR5,194.99
TEAMGROUP T-Create Expert 64 GB,6400,2 x 32GB,2.969,DDR5,189.99
Corsair Dominator Platinum RGB 64 GB,6000,2 x 32GB,4.375,DDR5,279.99
Corsair Vengeance 64 GB,6000,2 x 32GB,2.969,DDR5,189.99
Corsair Vengeance 64 GB,5200,2 x 32GB,2.734,DDR5,174.99
G.Skill Flare X5 64 GB,5600,2 x 32GB,2.640,DDR5,168.95
TEAMGROUP T-Force Vulcan 64 GB,5200,2 x 32GB,2.344,DDR5,149.99
Kingston FURY Beast 64 GB,5600,2 x 32GB,3.246,DDR5,207.77
Corsair Vengeance RGB 64 GB,6000,2 x 32GB,3.047,DDR5,194.99
Corsair Vengeance 64 GB,6000,2 x 32GB,3.594,DDR5,229.99
Corsair Vengeance 64 GB,6000,2 x 32GB,3.203,DDR5,204.99
G.Skill Trident Z5 RGB 64 GB,6000,2 x 32GB,3.281,DDR5,209.99
Corsair Dominator Platinum RGB 64 GB,5200,2 x 32GB,3.594,DDR5,229.99
G.Skill Ripjaws S5 64 GB,5600,2 x 32GB,2.859,DDR5,182.99
Corsair Dominator Titanium 64 GB,6000,2 x 32GB,4.609,DDR5,294.99
Corsair Dominator Platinum RGB 64 GB,5200,2 x 32GB,3.125,DDR5,199.99
G.Skill F5-5600J2834F32GX2-TZ5RK 64 GB,5600,2 x 32GB,3.125,DDR5,199.99
TEAMGROUP T-Create Expert 64 GB,6400,2 x 32GB,2.969,DDR5,189.99
TEAMGROUP T-Create Classic 64 GB,5600,2 x 32GB,2.422,DDR5,154.99
Corsair Dominator Titanium 64 GB,6400,2 x 32GB,5.000,DDR5,319.99
Corsair Dominator Titanium 64 GB,6000,2 x 32GB,4.609,DDR5,294.99
TEAMGROUP T-Create Classic 64 GB,6000,2 x 32GB,2.656,DDR5,169.99
G.Skill Trident Z5 Neo RGB 64 GB,6000,2 x 32GB,3.250,DDR5,207.99
G.Skill Trident Z5 RGB 64 GB,6000,2 x 32GB,3.047,DDR5,194.99
Corsair Vengeance RGB 64 GB,5600,2 x 32GB,3.125,DDR5,199.99
Corsair Dominator Platinum RGB 64 GB,6000,2 x 32GB,4.217,DDR5,269.88
Corsair Vengeance RGB 64 GB,6000,2 x 32GB,3.312,DDR5,211.99
TEAMGROUP T-Create Expert 64 GB,6000,2 x 32GB,2.734,DDR5,174.99
G.Skill Ripjaws S5 64 GB,6000,2 x 32GB,2.969,DDR5,189.99
TEAMGROUP T-Force Vulcan 64 GB,6000,2 x 32GB,2.656,DDR5,169.99
Kingston FURY Beast RGB 64 GB,5600,2 x 32GB,3.515,DDR5,224.99
OLOy Blade RGB 64 GB,6400,2 x 32GB,3.281,DDR5,209.99
Corsair Vengeance 64 GB,5600,2 x 32GB,2.812,DDR5,179.99
Corsair Vengeance 32 GB,5600,2 x 16GB,3.125,DDR5,99.99
G.Skill Trident Z5 RGB 32 GB,6000,2 x 16GB,3.437,DDR5,109.99
Corsair Vengeance RGB 32 GB,6000,2 x 16GB,3.731,DDR5,119.39
Corsair Vengeance RGB 32 GB,6000,2 x 16GB,3.437,DDR5,109.99
G.Skill Ripjaws S5 32 GB,6000,2 x 16GB,3.281,DDR5,104.99
G.Skill Flare X5 32 GB,6000,2 x 16GB,2.936,DDR5,93.95
TEAMGROUP T-Force Delta RGB 32 GB,6000,2 x 16GB,3.281,DDR5,104.99
G.Skill Trident Z5 Neo RGB 32 GB,6000,2 x 16GB,3.687,DDR5,117.99
G.Skill Flare X5 32 GB,6000,2 x 16GB,3.125,DDR5,99.99
TEAMGROUP T-Force Delta RGB 32 GB,6000,2 x 16GB,3.125,DDR5,99.99
Corsair Vengeance 32 GB,6000,2 x 16GB,3.437,DDR5,109.99
G.Skill Trident Z5 RGB 32 GB,6400,2 x 16GB,3.750,DDR5,119.99
G.Skill Ripjaws S5 32 GB,6000,2 x 16GB,2.656,DDR5,84.99
Corsair Vengeance RGB 32 GB,6000,2 x 16GB,3.281,DDR5,104.99
G.Skill Trident Z5 RGB 32 GB,7200,2 x 16GB,4.375,DDR5,139.99
Crucial Pro 32 GB,5600,2 x 16GB,2.374,DDR5,75.98
Corsair Dominator Platinum RGB 32 GB,6200,2 x 16GB,5.156,DDR5,164.99
G.Skill Ripjaws S5 32 GB,5600,2 x 16GB,3.125,DDR5,99.99
Kingston FURY Beast 32 GB,6000,2 x 16GB,4.062,DDR5,129.99
Corsair Vengeance 32 GB,6000,2 x 16GB,3.593,DDR5,114.99
Corsair Vengeance 32 GB,5200,2 x 16GB,2.812,DDR5,89.99
Corsair Vengeance 32 GB,6000,2 x 16GB,3.125,DDR5,99.99
G.Skill Trident Z5 Neo 32 GB,6000,2 x 16GB,3.437,DDR5,109.99
Silicon Power XPOWER Zenith Gaming 32 GB,6000,2 x 16GB,2.249,DDR5,71.97
Corsair Vengeance RGB 32 GB,6000,2 x 16GB,3.906,DDR5,124.99
Kingston FURY Beast RGB 32 GB,6000,2 x 16GB,4.281,DDR5,137.00
TEAMGROUP T-Create Expert 32 GB,6000,2 x 16GB,3.281,DDR5,104.99
Corsair Dominator Platinum RGB 32 GB,6200,2 x 16GB,5.000,DDR5,159.99
TEAMGROUP T-Force Delta RGB 32 GB,6000,2 x 16GB,2.906,DDR5,92.99
Corsair Vengeance 32 GB,6400,2 x 16GB,3.750,DDR5,119.99
G.Skill Ripjaws S5 32 GB,6400,2 x 16GB,3.281,DDR5,104.99
G.Skill Flare X5 32 GB,6000,2 x 16GB,3.125,DDR5,99.99
G.Skill Ripjaws S5 32 GB,6000,2 x 16GB,3.281,DDR5,104.99
Corsair Vengeance RGB 32 GB,5200,2 x 16GB,3.125,DDR5,99.99
Corsair Vengeance 32 GB,7200,2 x 16GB,5.156,DDR5,164.99
Corsair Vengeance RGB 32 GB,6400,2 x 16GB,3.906,DDR5,124.99
TEAMGROUP T-Create Expert 32 GB,6000,2 x 16GB,2.718,DDR5,86.99
OLOy Blade 32 GB,6000,2 x 16GB,2.625,DDR5,83.99
TEAMGROUP T-Force Vulcan 32 GB,6000,2 x 16GB,2.593,DDR5,82.99
Corsair Vengeance RGB 32 GB,5600,2 x 16GB,3.343,DDR5,106.99
ADATA XPG Lancer Blade 32 GB,6000,2 x 16GB,3.000,DDR5,95.99
Corsair Vengeance RGB 32 GB,7200,2 x 16GB,4.375,DDR5,139.99
G.Skill Trident Z5 RGB 32 GB,6000,2 x 16GB,3.687,DDR5,117.99
TEAMGROUP T-Create Classic 32 GB,5600,2 x 16GB,2.437,DDR5,77.99
Corsair Dominator Platinum RGB 32 GB,5200,2 x 16GB,4.218,DDR5,134.99
Corsair Vengeance RGB 32 GB,5200,2 x 16GB,3.437,DDR5,109.99
G.Skill Trident Z5 RGB 32 GB,7800,2 x 16GB,6.250,DDR5,199.99
TEAMGROUP T-Force Vulcan 32 GB,5600,2 x 16GB,2.750,DDR5,87.99
Corsair Vengeance 32 GB,6200,2 x 16GB,3.750,DDR5,119.99
Corsair Vengeance 32 GB,4800,2 x 16GB,3.125,DDR5,99.99
TEAMGROUP T-Force Delta RGB 32 GB,7200,2 x 16GB,3.906,DDR5,124.99
Lexar Ares RGB 32 GB,6000,2 x 16GB,3.125,DDR5,99.99
TEAMGROUP T-Force Delta RGB 32 GB,6000,2 x 16GB,2.906,DDR5,92.99
Corsair Vengeance RGB 32 GB,6000,2 x 16GB,3.437,DDR5,109.99
TEAMGROUP T-Force Vulcan 32 GB,5600,2 x 16GB,2.625,DDR5,83.99
G.Skill Ripjaws S5 32 GB,6000,2 x 16GB,3.281,DDR5,104.99
G.Skill Trident Z5 RGB 32 GB,8000,2 x 16GB,7.500,DDR5,239.99
Corsair Vengeance 32 GB,5600,2 x 16GB,3.281,DDR5,104.99
Corsair Vengeance 16 GB,5200,2 x 8GB,4.374,DDR5,69.98
Crucial CT2K8G48C40U5 16 GB,4800,2 x 8GB,2.874,DDR5,45.99
Kingston FURY Beast 16 GB,5200,2 x 8GB,4.374,DDR5,69.98
Patriot Viper Black 16 GB,5200,2 x 8GB,3.624,DDR5,57.98
Kingston FURY Beast 16 GB,6000,2 x 8GB,4.999,DDR5,79.99
Kingston FURY Beast RGB 16 GB,6000,2 x 8GB,5.686,DDR5,90.98
Kingston FURY Beast 16 GB,6000,2 x 8GB,5.217,DDR5,83.47
Kingston FURY Beast 16 GB,5600,2 x 8GB,5.492,DDR5,87.87
Patriot Viper Black 16 GB,5600,2 x 8GB,3.312,DDR5,52.99
Kingston FURY Beast RGB 16 GB,5600,2 x 8GB,5.124,DDR5,81.99
Kingston FURY Beast RGB 16 GB,4800,2 x 8GB,5.311,DDR5,84.98
TEAMGROUP Elite 16 GB,4800,2 x 8GB,2.562,DDR5,40.99
Kingston FURY Beast RGB 16 GB,5200,2 x 8GB,5.312,DDR5,84.99
Kingston FURY Beast RGB 16 GB,6000,2 x 8GB,5.741,DDR5,91.85
TEAMGROUP Elite 16 GB,5200,2 x 8GB,3.062,DDR5,48.99
Crucial Classic 16 GB,5600,2 x 8GB,3.499,DDR5,55.99
TEAMGROUP T-Force Vulcan 16 GB,5200,2 x 8GB,3.749,DDR5,59.99
Kingston FURY Beast 16 GB,4800,2 x 8GB,4.561,DDR5,72.98
Kingston FURY Beast 16 GB,5600,2 x 8GB,4.936,DDR5,78.98
Kingston FURY Beast RGB 16 GB,5600,2 x 8GB,5.529,DDR5,88.47
Kingston FURY Beast RGB 16 GB,5200,2 x 8GB,5.384,DDR5,86.15
Crucial Classic 16 GB,5200,2 x 8GB,3.499,DDR5,55.99
Kingston FURY Beast 16 GB,5200,2 x 8GB,4.688,DDR5,75.01
TEAMGROUP Elite 16 GB,5200,2 x 8GB,3.062,DDR5,48.99
Corsair Vengeance 16 GB,4800,2 x 8GB,4.374,DDR5,69.98
VisionTek OCPC PISTA RGB 16 GB,5600,2 x 8GB,21.874,DDR5,349.99
Kingston ValueRAM 16 GB,4800,2 x 8GB,4.416,DDR5,70.65
Crucial CT8G48C40U5 8 GB,4800,1 x 8GB,2.874,DDR5,22.99
Crucial Classic 8 GB,5600,1 x 8GB,3.124,DDR5,24.99
Patriot Signature Line 8 GB,4800,1 x 8GB,3.873,DDR5,30.98
Kingston FURY Beast 8 GB,6000,1 x 8GB,5.609,DDR5,44.87
TEAMGROUP Elite 8 GB,5200,1 x 8GB,3.249,DDR5,25.99
Kingston FURY Beast RGB 8 GB,5600,1 x 8GB,6.014,DDR5,48.11
Kingston FURY Beast 8 GB,4800,1 x 8GB,5.136,DDR5,41.09
Kingston FURY Beast 8 GB,5200,1 x 8GB,5.174,DDR5,41.39
Kingston FURY Beast 8 GB,5600,1 x 8GB,5.354,DDR5,42.83
Kingston ValueRAM 8 GB,4800,1 x 8GB,4.900,DDR5,39.20
Kingston FURY Beast RGB 8 GB,5600,1 x 8GB,6.268,DDR5,50.14
Crucial Classic 8 GB,5200,1 x 8GB,3.623,DDR5,28.98
Kingston FURY Beast RGB 8 GB,5200,1 x 8GB,5.867,DDR5,46.94
Kingston ValueRAM 8 GB,4800,1 x 8GB,4.625,DDR5,37.00